<?xml version="1.0" encoding="UTF-8"?>
<!DOCTYPE bindings PUBLIC "-//NetBeans//DTD Editor KeyBindings settings 1.1//EN" "http://www.netbeans.org/dtds/EditorKeyBindings-1_1.dtd">
<bindings>
    <bind actionName="caret-begin" key="D-HOME"/>
    <bind actionName="caret-end" key="D-END"/>
    <bind actionName="comment" key="SD-T"/>
    <bind actionName="format" key="SD-F"/>
    <bind actionName="goto" key="D-L"/>
    <bind actionName="goto-declaration" key="SO-G"/>
    <bind actionName="remove-word-next" key="D-DELETE"/>
    <bind actionName="remove-word-previous" key="D-BACK_SPACE"/>
    <bind actionName="replace" key="O-H"/>
    <bind actionName="uncomment" key="SD-D"/>
    <bind key="D-MOUSE_WHEEL_DOWN" remove="true"/>
    <bind key="S-F10" remove="true"/>
    <bind key="SO-COMMA" remove="true"/>
    <bind key="SO-PERIOD" remove="true"/>
    <bind key="S-SPACE" remove="true"/>
    <bind key="D-R" remove="true"/>
    <bind key="SO-F" remove="true"/>
    <bind key="D-MOUSE_WHEEL_UP" remove="true"/>
    <bind key="D-SLASH" remove="true"/>
    <bind key="SD-C" remove="true"/>
    <bind key="O-R" remove="true"/>
</bindings>
