<?xml version="1.0" encoding="UTF-8"?>
<!DOCTYPE library PUBLIC "-//NetBeans//DTD Library Declaration 1.0//EN" "http://www.netbeans.org/dtds/library-declaration-1_0.dtd">
<library version="1.0">
	<name>Ess</name>
	<type>j2se</type>
	<volume>
		<type>classpath</type>
		<resource>jar:file:/Users/dennis/Documents/Processing/libraries/Ess/library/Ess.jar!/</resource>
		<resource>jar:file:/Users/dennis/Documents/Processing/libraries/Ess/library/jl1.0.jar!/</resource>
		<resource>jar:file:/Users/dennis/Documents/Processing/libraries/Ess/library/mp3spi1.9.2.jar!/</resource>
		<resource>jar:file:/Users/dennis/Documents/Processing/libraries/Ess/library/tritonus_share.jar!/</resource>
	</volume>
	<volume>
		<type>src</type>
	</volume>
	<volume>
		<type>javadoc</type>
	</volume>
	<volume>
		<type>maven-pom</type>
	</volume>
</library>
