<?xml version="1.0" encoding="UTF-8"?>
<!DOCTYPE library PUBLIC "-//NetBeans//DTD Library Declaration 1.0//EN" "http://www.netbeans.org/dtds/library-declaration-1_0.dtd">
<library version="1.0">
    <name>Jogl</name>
    <type>j2se</type>
    <volume>
        <type>classpath</type>
        <resource>jar:file:/Applications/Processing.app/Contents/Resources/Java/modes/java/libraries/opengl/library/gluegen-rt.jar!/</resource>
        <resource>jar:file:/Applications/Processing.app/Contents/Resources/Java/modes/java/libraries/opengl/library/jogl.jar!/</resource>
    </volume>
    <volume>
        <type>src</type>
        <resource>file:/Applications/Processing/libraries/opengl/jogl-src/jogl/src/classes/</resource>
    </volume>
    <volume>
        <type>javadoc</type>
    </volume>
    <volume>
        <type>maven-pom</type>
    </volume>
</library>
