<?xml version="1.0" encoding="UTF-8"?>
<!DOCTYPE library PUBLIC "-//NetBeans//DTD Library Declaration 1.0//EN" "http://www.netbeans.org/dtds/library-declaration-1_0.dtd">
<library version="1.0">
    <name>Minim</name>
    <type>j2se</type>
    <volume>
        <type>classpath</type>
        <resource>jar:file:/Applications/Processing.app/Contents/Resources/Java/libraries/minim/library/jl1.0.jar!/</resource>
        <resource>jar:file:/Applications/Processing.app/Contents/Resources/Java/libraries/minim/library/jsminim.jar!/</resource>
        <resource>jar:file:/Applications/Processing.app/Contents/Resources/Java/libraries/minim/library/minim-spi.jar!/</resource>
        <resource>jar:file:/Applications/Processing.app/Contents/Resources/Java/libraries/minim/library/minim.jar!/</resource>
        <resource>jar:file:/Applications/Processing.app/Contents/Resources/Java/libraries/minim/library/mp3spi1.9.4.jar!/</resource>
        <resource>jar:file:/Applications/Processing.app/Contents/Resources/Java/libraries/minim/library/tritonus_aos.jar!/</resource>
        <resource>jar:file:/Applications/Processing.app/Contents/Resources/Java/libraries/minim/library/tritonus_share.jar!/</resource>
    </volume>
    <volume>
        <type>src</type>
    </volume>
    <volume>
        <type>javadoc</type>
        <resource>file:/Users/dennis/Documents/Processing/libraries/minim/doc/</resource>
    </volume>
    <volume>
        <type>maven-pom</type>
    </volume>
</library>
