<?xml version="1.0" encoding="UTF-8"?>
<library xmlns="http://www.netbeans.org/ns/library-declaration/2" version="2.0">
    <name>MyLibrary</name>
    <type>j2se</type>
    <display-name>MyProcessing</display-name>
    <volume>
        <type>classpath</type>
        <resource>jar:file:/Applications/Processing.app/Contents/Resources/Java/core.jar!/</resource>
        <resource>jar:file:/Applications/Processing.app/Contents/Resources/Java/modes/java/libraries/serial/library/RXTXcomm.jar!/</resource>
        <resource>jar:file:/Applications/Processing.app/Contents/Resources/Java/modes/java/libraries/serial/library/serial.jar!/</resource>
    </volume>
    <volume>
        <type>src</type>
        <resource>file:/Users/dennis/dev/processing/processing-read-only/processing/core/src/</resource>
        <resource>file:/Users/dennis/dev/processing/processing-read-only/processing/java/libraries/serial/src/</resource>
        <resource>file:/Users/dennis/dev/processing/processing-read-only/processing/java/libraries/serial/src/processing/</resource>
    </volume>
    <volume>
        <type>javadoc</type>
    </volume>
    <volume>
        <type>maven-pom</type>
    </volume>
</library>
