<?xml version="1.0" encoding="UTF-8"?>
<!DOCTYPE library PUBLIC "-//NetBeans//DTD Library Declaration 1.0//EN" "http://www.netbeans.org/dtds/library-declaration-1_0.dtd">
<library version="1.0">
    <name>P5</name>
    <type>j2se</type>
    <volume>
        <type>classpath</type>
        <resource>jar:file:/Applications/Processing.app/Contents/Resources/Java/core.jar!/</resource>
        <resource>jar:file:/Applications/Processing.app/Contents/Resources/Java/libraries/opengl/library/gluegen-rt.jar!/</resource>
        <resource>jar:file:/Applications/Processing.app/Contents/Resources/Java/libraries/opengl/library/jogl.jar!/</resource>
        <resource>jar:file:/Applications/Processing.app/Contents/Resources/Java/libraries/opengl/library/opengl.jar!/</resource>
    </volume>
    <volume>
        <type>src</type>
        <resource>file:/Users/dennis/dev/processing/svn/processing-read-only/processing/core/src/</resource>
    </volume>
    <volume>
        <type>javadoc</type>
    </volume>
    <volume>
        <type>maven-pom</type>
    </volume>
</library>
