<?xml version="1.0" encoding="UTF-8"?>
<library xmlns="http://www.netbeans.org/ns/library-declaration/3" version="3.0">
    <name>Processing</name>
    <type>j2se</type>
    <volume>
        <type>classpath</type>
        <resource>jar:file:/Applications/Processing.app/Contents/Resources/Java/core.jar!/</resource>
        <resource>jar:file:/Applications/Processing.app/Contents/Resources/Java/modes/java/libraries/minim/library/jl1.0.jar!/</resource>
        <resource>jar:file:/Applications/Processing.app/Contents/Resources/Java/modes/java/libraries/minim/library/jsminim.jar!/</resource>
        <resource>jar:file:/Applications/Processing.app/Contents/Resources/Java/modes/java/libraries/minim/library/minim-spi.jar!/</resource>
        <resource>jar:file:/Applications/Processing.app/Contents/Resources/Java/modes/java/libraries/minim/library/minim.jar!/</resource>
        <resource>jar:file:/Applications/Processing.app/Contents/Resources/Java/modes/java/libraries/minim/library/mp3spi1.9.4.jar!/</resource>
        <resource>jar:file:/Applications/Processing.app/Contents/Resources/Java/modes/java/libraries/minim/library/tritonus_aos.jar!/</resource>
        <resource>jar:file:/Applications/Processing.app/Contents/Resources/Java/modes/java/libraries/minim/library/tritonus_share.jar!/</resource>
        <resource>jar:file:/Applications/Processing.app/Contents/Resources/Java/modes/java/libraries/opengl/library/opengl.jar!/</resource>
        <resource>jar:file:/Applications/Processing.app/Contents/Resources/Java/modes/java/libraries/video/library/video.jar!/</resource>
        <resource>jar:file:/Applications/Processing.app/Contents/Resources/Java/modes/java/libraries/pdf/library/itext.jar!/</resource>
        <resource>jar:file:/Applications/Processing.app/Contents/Resources/Java/modes/java/libraries/pdf/library/pdf.jar!/</resource>
        <resource>jar:file:/Applications/Processing.app/Contents/Resources/Java/modes/java/libraries/net/library/net.jar!/</resource>
        <resource>jar:file:/Applications/Processing.app/Contents/Resources/Java/modes/java/libraries/opengl/library/jogl.jar!/</resource>
        <resource>jar:file:/Applications/Processing.app/Contents/Resources/Java/modes/java/libraries/opengl/library/opengl.jar!/</resource>
        <resource>jar:file:/Applications/Processing.app/Contents/Resources/Java/modes/java/libraries/opengl/library/gluegen-rt.jar!/</resource>
        <resource>jar:file:/Applications/Processing.app/Contents/Resources/Java/modes/java/libraries/serial/library/RXTXcomm.jar!/</resource>
        <resource>jar:file:/Applications/Processing.app/Contents/Resources/Java/modes/java/libraries/serial/library/serial.jar!/</resource>
    </volume>
    <volume>
        <type>src</type>
    </volume>
    <volume>
        <type>javadoc</type>
    </volume>
    <volume>
        <type>maven-pom</type>
    </volume>
    <properties/>
</library>
