<?xml version="1.0" encoding="UTF-8"?>
<library xmlns="http://www.netbeans.org/ns/library-declaration/2" version="2.0">
    <name>Processing Libraries</name>
    <type>j2se</type>
    <display-name>Processing Libraries</display-name>
    <volume>
        <type>classpath</type>
        <resource>jar:file:/Users/dennis/Documents/Processing/libraries/Ess/library/Ess.jar!/</resource>
        <resource>jar:file:/Users/dennis/Documents/Processing/libraries/Ess/library/jl1.0.jar!/</resource>
        <resource>jar:file:/Users/dennis/Documents/Processing/libraries/Ess/library/mp3spi1.9.2.jar!/</resource>
        <resource>jar:file:/Users/dennis/Documents/Processing/libraries/Ess/library/tritonus_share.jar!/</resource>
    </volume>
    <volume>
        <type>src</type>
    </volume>
    <volume>
        <type>javadoc</type>
    </volume>
    <volume>
        <type>maven-pom</type>
    </volume>
</library>
