<?xml version="1.0" encoding="UTF-8"?>
<library xmlns="http://www.netbeans.org/ns/library-declaration/2" version="2.0">
    <name>Sojamo</name>
    <type>j2se</type>
    <volume>
        <type>classpath</type>
        <resource>jar:file:/Users/dennis/dev/controlp5/library/controlP5/library/controlP5.jar!/</resource>
        <resource>jar:file:/Users/dennis/dev/oscp5/library/oscP5/library/oscP5.jar!/</resource>
        <resource>jar:file:/Users/dennis/dev/sojamo/library/sDrop/library/sDrop.jar!/</resource>
    </volume>
    <volume>
        <type>src</type>
        <resource>file:/Users/dennis/dev/controlp5/trunk/src/</resource>
        <resource>file:/Users/dennis/dev/oscp5/trunk/src/</resource>
        <resource>file:/Users/dennis/dev/sojamo/trunk/src/</resource>
    </volume>
    <volume>
        <type>javadoc</type>
    </volume>
    <volume>
        <type>maven-pom</type>
    </volume>
</library>
