<?xml version="1.0" encoding="UTF-8"?>
<!DOCTYPE library PUBLIC "-//NetBeans//DTD Library Declaration 1.0//EN" "http://www.netbeans.org/dtds/library-declaration-1_0.dtd">
<library version="1.0">
	<name>xstream</name>
	<type>j2se</type>
	<volume>
		<type>classpath</type>
		<resource>jar:file:/Users/dennis/dev/xstream/current/lib/cglib-nodep-2.2.jar!/</resource>
		<resource>jar:file:/Users/dennis/dev/xstream/current/lib/dom4j-1.6.1.jar!/</resource>
		<resource>jar:file:/Users/dennis/dev/xstream/current/lib/jdom-1.1.jar!/</resource>
		<resource>jar:file:/Users/dennis/dev/xstream/current/lib/jettison-1.0.1.jar!/</resource>
		<resource>jar:file:/Users/dennis/dev/xstream/current/lib/joda-time-1.6.jar!/</resource>
		<resource>jar:file:/Users/dennis/dev/xstream/current/lib/stax-1.2.0.jar!/</resource>
		<resource>jar:file:/Users/dennis/dev/xstream/current/lib/stax-api-1.0.1.jar!/</resource>
		<resource>jar:file:/Users/dennis/dev/xstream/current/lib/wstx-asl-3.2.7.jar!/</resource>
		<resource>jar:file:/Users/dennis/dev/xstream/current/lib/xml-writer-0.2.jar!/</resource>
		<resource>jar:file:/Users/dennis/dev/xstream/current/lib/xom-1.1.jar!/</resource>
		<resource>jar:file:/Users/dennis/dev/xstream/current/lib/xpp3_min-1.1.4c.jar!/</resource>
		<resource>jar:file:/Users/dennis/dev/xstream/current/lib/xstream-1.3.1.jar!/</resource>
		<resource>jar:file:/Users/dennis/dev/xstream/current/lib/xstream-benchmark-1.3.1.jar!/</resource>
	</volume>
	<volume>
		<type>src</type>
		<resource>file:/Users/dennis/dev/xstream/current/xstream/src/java/</resource>
	</volume>
	<volume>
		<type>javadoc</type>
	</volume>
	<volume>
		<type>maven-pom</type>
	</volume>
</library>
