<?xml version="1.0" encoding="UTF-8"?>
<!DOCTYPE bindings PUBLIC "-//NetBeans//DTD Editor KeyBindings settings 1.1//EN" "http://www.netbeans.org/dtds/EditorKeyBindings-1_1.dtd">
<bindings>
    <bind actionName="in-place-refactoring" key="D-R"/>
    <bind actionName="in-place-refactoring" key="O-R"/>
    <bind actionName="select-element-next" key="SO-PERIOD"/>
    <bind actionName="select-element-next" key="SDO-UP"/>
    <bind actionName="select-element-previous" key="SDO-DOWN"/>
    <bind actionName="select-element-previous" key="SO-COMMA"/>
    <bind actionName="toggle-comment" key="D-7"/>
    <bind key="O-DOWN" remove="true"/>
</bindings>
