Country Name;Country Code;Population;Average;1990;1991;1992;1993;1994;1995;1996;1997;1998;1999;2000;2001;2002;2003;2004;2005;2006;2007;2008;2009;2010;2011
Monaco;MCO;35427;110390.628608593;80311.8867767077;79173.2380417749;86220.4112746153;80065.9318645853;83511.3200386516;94816.4693399955;93709.0871460069;83598.6987629085;85198.5480450813;83410.1408629477;75382.4466260392;75702.8191669791;82226.6778578591;101604.86370645;116499.870883003;121386.064264782;132233.769900975;169269.632977772;186242.929678332;172676.340724526;172676.340724526;172676.340724526
Liechtenstein;LIE;36304;89938.9353077955;49041.2233903668;50533.2189367069;54811.042244354;55484.6993033581;63770.6273832984;78488.8901358702;79928.9135578427;72481.5699900607;77273.249568788;82048.2260914267;75606.203199265;74966.1710273093;79956.5183154345;90301.8123706404;100520.129804647;105440.292189585;113981.307154509;130503.797521784;138774.666105535;134914.672826907;134914.672826907;134914.672826907
Switzerland;CHE;7907000;47866.509749981;36337.0955329555;36309.5083473182;37383.0544890141;36027.2775442472;39566.6008668604;46014.2079808231;44123.0271482039;38407.9537612981;39227.0264471861;38290.6748794626;35639.4788575501;36328.1429099146;39350.442751953;45588.6198174723;50641.8372033313;51734.3038905002;54140.4981461317;59663.7702553755;68555.3718694938;65790.0673499881;70561.439116629;83382.8153338743
Luxembourg;LUX;517000;64569.43045856;33177.0549472523;35439.2484251254;39229.8205349404;39721.4107737443;43554.5968762408;50592.5277393933;49681.0986648863;44139.7876259657;45565.1579010337;49213.9670934467;46453.2457786449;45743.4301771101;50582.8285433188;64531.9894444048;74388.7086269173;80925.2199910031;90015.5277959145;106919.531389884;112028.527487542;100541.237323632;103574.171258687;114508.381689233
Sweden;SWE;9453000;35416.288632363;28556.9518950705;29912.2251860946;30806.1898682263;23173.2964180039;24775.3917346354;28739.2859221029;31269.7908837761;28620.4083486907;28779.1156165931;29218.4717077482;27869.3776032016;25557.6125445125;28118.9847993314;35131.2077591121;40261.1220123626;41040.6650223747;43948.6197709121;50558.3955288294;52730.7753894905;43639.5483187755;49359.8669198531;57091.0466622885
United Arab Emirates;ARE;7890924;35087.0816988266;28032.8797493431;26993.3195355753;26929.7981631486;26217.2151230965;26558.721492452;27993.4318772427;29737.970681179;30187.8949623567;27463.0451220985;29148.9015757221;34395.1491342898;32803.1788263604;33740.9003295532;36562.1466235374;40410.7920418948;44384.7464395747;47634.330962603;47756.5596876909;50727.2095022039;38959.8122211807;39624.7018777503;45653.0914453322
Finland;FIN;5387000;31362.3349088908;27852.2921278918;24991.4616782765;21850.7335564011;17240.2329177377;19776.7363841243;25609.1382413656;25037.8538082948;23928.2112384565;25179.599828403;25229.595816976;23529.538458379;24025.1182328248;25993.8399661027;31508.8752255305;36162.6560148878;37318.7973179157;39487.0540582311;46538.1712751779;51186.4851603858;44837.7108746463;43863.9669253187;48823.2988882701
Norway;NOR;4952000;50927.0737717097;27731.8016727132;28077.1776375488;29931.6322005697;27404.5880589342;28713.4779304854;34162.3213604561;36554.6717901011;35917.6894366324;34105.9184756693;35645.0891570659;37472.6716743196;37867.1422224593;42291.8252159391;49263.5131516431;56627.6573817843;65767.0196076045;72959.7680130369;83556.2493046617;95189.8659272926;77610.0211604842;85443.0593895799;98102.4622086314
Denmark;DNK;5574000;39694.0524248464;26422.8293751673;26520.3861450444;29043.6558331154;27102.8543643897;29502.094525472;34773.6754413182;35043.3647374391;32248.9594912753;32738.6832808049;32685.3189469237;29980.1554729546;29946.3818312109;32344.3197920286;39443.2681719856;45282.0680049995;47546.5945941372;50462.2335756077;57021.1731779507;62596.4885379665;56226.5801457945;56485.8944353764;59852.1734656583
Bermuda;BMU;64700;59192.6520059049;26320.6611570248;26801.6388196721;27539.3447868852;29841.9661639344;30459.381141925;32913.2893354943;43614.7249190939;47380.0807754443;50495.935483871;53619.8870967742;56042.1739130435;58887.728;62694.7133757962;66452.7777777778;70848.3886255924;76543.0188679245;84862.5235109718;92110.125;95170.2180685358;90161.149068323;89739.3091209116;89739.3091209116
Japan;JPN;127817277;35496.1305172763;25123.6317862142;28540.7714826016;31013.6471483627;35451.2975115747;38814.8943789814;42522.0665906054;37421.6738577112;34294.8989766588;30967.2880890928;34998.8099717531;37291.7061580448;32716.4186748897;31235.5881843914;33690.9377297154;36441.5044939422;35781.2349805938;34102.2061671255;34094.8871057682;37972.2372128835;39473.3629058165;43063.1363656754;45902.6716076756
Iceland;ISL;319000;35930.5462988645;25008.8494644961;26405.9158840075;26722.4411926586;23230.4717972225;23662.8066814483;26239.027296502;27261.1716612852;27378.1929784607;30256.582900979;31518.3822910375;30928.6756416852;27803.0622479039;30979.11448138;37889.8212014454;45370.1264454263;54885.2613028243;54813.9546896864;65566.3091745291;53028.7878812037;38031.8218386824;39522.0494208946;43969.1921012597
United States;USA;311591917;35501.6655795873;23037.9412153528;23443.2625375028;24411.1432514405;25326.736406342;26577.7612246604;27559.1674866117;28772.3557317535;30281.6359015173;31687.0518462665;33332.1387614679;35081.9230843615;35912.3329767623;36819.4450894293;38224.7389284594;40292.3037273731;42516.3934699993;44622.6420228986;46349.1154819162;46759.5598394741;45305.0517605237;46611.9750972176;48111.9669095909
Germany;DEU;81726000;30485.2659932788;21583.84352463;22603.6164742698;25604.7254344539;24735.6202405848;26375.8457271458;30887.8654852036;29749.9712591613;26296.5306126994;26547.775353907;25956.6374131131;22945.7088501507;22840.2740450113;24325.6664494032;29367.4089436583;33040.0514092622;33542.781383459;35237.6032582424;40402.9900838719;44132.0418157452;40275.2507638384;40163.8174019314;44059.8259223911
Austria;AUT;8419000;32200.004142788;21458.2327210484;22180.6553471394;24624.537839889;23834.1070003374;25383.1988078442;30014.2727535818;29485.6082075795;26082.4585078064;26743.7919407516;26563.2095389091;23974.1830690696;23833.8342435144;25679.0943977121;31268.6306973177;35662.211822391;37067.3238286743;39299.6142950584;45181.4675943835;49679.110704484;45859.4255539945;44916.3608373753;49608.7614324742
France;FRA;65436552;29095.0495558277;21349.6597837764;21269.8018617055;23343.8875555899;21958.7038771639;23065.1342249978;26396.6112139281;26301.2201770008;23674.8705149493;24359.7605075882;24075.0860119215;21774.992990193;21812.2490179407;23494.4783550762;28794.1673142003;32784.9683095973;33819.1357682257;35457.2735774387;40342.2432653552;43992.0986414796;40477.0644326045;39170.2646988441;42377.4181286325
Canada;CAN;34482779;28765.5529336816;20968.041152761;21234.3758233987;20320.4737093002;19549.0170997903;19390.4853731396;20117.0996076457;20684.9457847644;21260.2868099547;20390.3884480615;21681.3793050069;23559.5036897592;23017.3687489828;23425.2264265171;27335.308828525;31011.9112211881;35087.8925933298;39249.9982239973;43245.5899186279;45099.6133672904;39655.7940423275;46212.0294743137;50345.4348923126
Belgium;BEL;11008000;30564.9179896302;20349.6248728199;20785.5388830787;23088.1246456957;22012.6931188166;23913.8852430752;28067.9697425056;27154.3368805058;24532.026923492;25051.3399582643;24886.8656637976;22697.0123033035;22600.9161499186;24465.3335045586;30039.0922372354;34706.6939010393;36011.4694012925;37918.7732033123;43255.3952830783;47374.4481255186;43847.9992897451;43006.1281785378;46662.5282622739
Italy;ITA;60770000;25662.5054071746;20065.34534025;21154.8025108756;22394.7554094707;18054.5311142101;18631.5309095132;19910.0006721698;22271.3309224353;21069.5477921216;21519.0641202568;21227.3108730503;19388.2787508005;19721.9652029887;21435.139299277;26291.3380439042;29832.6129035081;30478.8455886883;31776.977752641;35826.0234573857;38563.0530869725;35073.1580217857;33786.6428925285;36102.8642930082
Netherlands;NLD;16696000;32261.2299413285;19721.8282425559;20130.671820841;22142.426901437;21418.4023507819;22830.0016377512;27101.9531338304;26913.5215211298;24760.9016951527;25634.6178609894;26021.63765228;24179.7314074386;24968.8174196264;27110.60685192;33177.357258652;37458.4328706261;39122.2910794797;41458.9327101763;47770.8012063144;52951.0335884429;48173.9065735784;46622.9025165965;50076.2824096257
Andorra;AND;86165;26792.6465116799;19498.4071287807;20126.7536364184;20946.0869404361;16599.4873320809;16123.0945333327;18218.9100577793;18765.5950709271;18190.371111821;18864.2709828091;19377.0456455958;17539.4420048658;19050.4631185532;21091.1865981174;26563.2795766814;30842.101448533;32607.83799722;35349.4735786775;39874.819802429;44952.3991729748;44952.3991729748;44952.3991729748;44952.3991729748
Greenland;GRL;56744;22847.5263759243;18326.9285151847;18315.3156087397;18768.8264960747;16797.3573901144;18124.1007573943;21665.8308063995;21422.4622168251;19145.6144069473;20496.5798031634;20170.322763798;19004.0034517255;19275.4328079683;20652.8412682386;25129.0765454895;28903.9358328181;29903.284035428;30620.2155288913;37516.7509225391;30883.0349660334;22507.8887155204;22507.8887155204;22507.8887155204
Australia;AUS;22620600;28538.462048096;18250.9569554584;18872.6545446104;18611.3095408303;17678.2833299814;18113.6312628702;20395.9267704288;21948.5886614752;23540.0645786121;21364.2051199611;20578.8265633407;21708.0372555598;19541.4220288069;20100.9881003624;23445.5965913141;30375.8259488707;33944.9839037717;35986.0676083624;40352.3939925097;48971.6768815687;42000.0123913499;51085.6840918268;60979.0289362397
United Kingdom;GBR;62641000;28581.6485930927;17687.6689513479;18386.5335827791;18960.4701223081;16997.9442064203;18328.3938481579;19943.7755222057;20966.2246628655;23459.7166056612;24995.8829022676;25625.2322472923;25057.613530497;24836.3585251979;26996.9720300824;31152.9877808091;36695.1447629797;38121.5629789246;40480.9613381285;46330.2458224367;43146.8294361945;35331.2809622312;36256.010958852;39038.4582704
Qatar;QAT;1870041;37771.9765706669;15537.4654494696;14253.770319127;15661.8007358652;14563.0895089648;14894.0887077059;16231.3172239407;17679.4519301149;21365.5059634065;18686.1726030841;21747.2958937371;30052.761195913;28843.4489414744;31023.0267981421;36011.9212403235;44292.0380067829;52424.8996325167;61836.3236691676;67516.1397543421;82388.8492650244;61075.0101993575;72397.6124039152;92501.4951122963
Brunei Darussalam;BRN;405938;21375.608420142;13963.5170020344;14272.4779071259;15680.8181183724;14964.0674552028;14494.1062408933;16345.9640648825;17213.3559796473;17055.7582029034;12975.4632290897;14390.5597927759;18350.1306212938;16752.2778194014;17106.5155143727;18801.2566050103;22116.8366768128;26248.4139805206;30975.3616552222;32442.9301630197;37414.3128155706;27390.050030207;31007.9937303292;40301.2176384364
Ireland;IRL;4487000;32619.5059003738;13604.446237942;13658.6506445528;15236.3261172945;14211.1685215981;15419.1353108786;18575.6234512309;20339.19485823;22086.7898160859;23733.7992426099;25679.5283559239;25629.6500966077;27339.708784257;31434.5573392777;39814.9269940962;45929.9286349105;48866.3921713995;52500.7028578456;59664.6777227766;59573.5707818989;50033.9549543859;45873.185132235;48423.2117821856
"Hong Kong SAR; China";HKG;7071600;25267.0121879519;13485.5448929565;15465.8588553349;17976.4293827655;20395.5173666776;22502.5797409692;23497.4923138193;24818.1545523517;27330.0333502807;25808.970952453;25091.6665997966;25756.6637783278;25230.2163329516;24665.8899982779;23977.0194516698;24928.1003722551;26649.750801707;28224.2150609389;30551.6114286761;31425.7819095352;30561.9051395959;32374.4802835292;35156.3855700729
Spain;ESP;46235000;20539.281347419;13409.5838265809;14391.6159737325;15680.0427182223;13009.1009730927;13109.7305261825;15150.9502209946;15766.3966706227;14466.9679435662;15126.4316054509;15475.5215541311;14413.788872416;14952.0908405442;16611.7133792726;21041.537602062;24468.745434352;26056.388766184;28024.7484955658;32118.1020202285;34977.389054696;31714.2443583359;29956.1563511721;31942.9424558115
New Zealand;NZL;4405200;20396.9917679477;13365.2378202302;11965.3866768738;11536.769638173;12829.050568128;14989.8852981466;17094.6181749403;18454.0784601014;17169.9722449759;14469.1518357488;15044.729779709;13375.7805215496;13625.3009478529;16579.4468611606;21537.9607777896;25005.5978084445;27354.2931869745;26172.5487113852;31694.7874510824;30611.3526953376;27196.883167663;32407.0707054988;36253.9155630836
"Bahamas; The";BHS;347176;18980.9743858866;12361.0069965017;11927.2364814353;11698.4809659807;11422.1964455248;11832.5793498072;12256.3211735186;12722.2157594729;17273.0687946744;18424.1510680694;20476.9310311986;21258.2924297247;21606.5031862761;22753.3461303266;22402.6260392455;22540.6225475712;24130.355275271;24580.1410823721;25296.3896600691;24715.6545116151;22807.4347288966;22664.8564937281;22431.0263382261
Singapore;SGP;5183700;26054.2046594154;11845.409269278;13736.8002487668;15180.3848608404;18102.9055598896;20248.7813873263;22922.1144637208;25795.7736073214;27545.2351130313;24399.9825875411;21715.0987451368;23814.5566140227;22027.1707656837;21691.2878912416;22689.5281843357;26240.5462149574;28952.80891454;31609.2717798862;36707.0570209002;34465.4826413737;35274.4563548966;41986.8258284283;46241.0244540195
Israel;ISR;7765700;19199.8176396954;11264.0183794487;11956.0089048027;12838.4181575292;12530.9983792041;13830.286754328;17310.0912113961;18464.5298657989;18586.7374391504;18392.1417576249;18088.9774463794;19859.3021470825;19093.1096577186;17195.4910643522;17739.7018423763;18588.8050496728;19330.0243549922;20624.5799542032;23274.3002897088;27591.6224201317;26032.1635135608;28522.4085829899;31282.2709008476
Cyprus;CYP;1116564;18162.3218539091;9641.5752812;9696.0995408;11310.071951;10526.141845;11617.692745;14212.054014;14133.325201;13276.732382;14069.11641;14236.941535;13421.655416;13797.145967;14862.45444;18428.928261;21380.903078;22430.60642;23863.555464;27860.276106;31928.396796;29427.908787;28779.185548;30670.313598
Greece;GRC;11304000;16810.0684642823;9190.34370952902;9775.54084844081;10687.473134345;9914.11054830176;10536.0477714523;12273.6089151752;12888.8194275132;12495.0645142714;12485.0616830813;12238.593370352;11396.2326162024;11857.7358204369;13292.3490019938;17494.4413590926;20607.1760650291;21620.7174943625;23475.2811397836;27288.3264976484;30398.7824194595;28451.9173253032;25832.2120932338;25621.6704592032
Kuwait;KWT;2818042;26636.6483147972;8826.88763739636;5420.94232360013;16703.4240041831;16703.4240041831;16703.4240041831;16703.4240041831;19343.1302366411;18078.5180591793;14711.2825154673;16218.2927270645;19434.4000155478;17362.1527100171;18426.1796687463;22510.8862208769;27148.1704518449;35687.9176566397;43191.0278873207;46866.9774410988;57842.2728259314;40022.6349715782;45436.7901807852;62664.1033790695
Slovenia;SVN;2052000;14130.1872973523;8698.90001774058;6338.55227023859;6272.25085049374;6362.77878167379;7230.92123082147;10523.7245456079;10635.427126523;10282.3214900343;10974.4889257365;11250.2158177886;10045.3600766443;10290.3160451991;11599.9019249524;14607.2004962238;16944.1895267387;17854.6353301543;19405.9332748997;23441.0006204789;27015.082379725;24051.0360705709;22897.9387563355;24141.9449831697
Puerto Rico;PRI;3706690;17152.1141851572;8652.47401074357;9064.00997610967;9659.33053216913;10212.2889328908;10876.4106030932;11579.1849969985;12173.1542921425;12817.6345882222;14304.4049868015;15220.9913420267;16192.1269719638;18123.2049867313;18731.4593897378;19557.1202492358;20698.1743342746;21669.8915203532;22641.9591644517;23368.9303361995;24623.5042673682;25454.8030830845;25862.72675443;25862.72675443
Bahrain;BHR;1323535;13676.5628235889;8581.58777270139;9110.63772800238;9142.00608137884;9768.28934146795;10209.5314064364;10462.873303984;10613.5207278691;10707.1711648868;10117.0922118851;10564.0653505159;12489.4677538348;12340.5615625852;13224.7001114441;15062.0238199625;16725.7220754989;18570.7344019822;19539.9895867815;19955.1033492036;20813.1375167254;16517.7718293823;18184.1975112138;18184.1975112138
"Macao SAR; China";MAC;555731;23059.9930489837;8312.77648298232;9377.56972998067;12123.1955423973;13707.9805053813;14974.3714327306;16466.476211337;16374.49280367;16237.8126376128;14820.2131770313;13945.4833580864;14128.8751835296;14796.2510945531;15591.6865546435;17251.2895913846;21820.3261653534;24493.3409408931;29533.3523348281;35715.6301238028;39978.3638549949;40120.9533181449;51998.907834467;65550.4981998362
Portugal;PRT;10637000;14716.0020635379;7779.43572051611;8832.69313012402;10647.6731547062;9390.57852798562;9831.86526678844;11619.32898193;12045.7814981627;11461.7016265796;12129.0802716575;12428.6724908551;11470.8979211038;11690.6725179817;12758.5428812628;15509.1253830908;17653.5739797249;18185.6240235086;19064.9886697194;21845.2352610114;23716.3904171952;22015.9151038699;21358.4265928936;22315.8419771657
Saudi Arabia;SAU;28082541;10806.4044419445;7235.74747413979;7878.69075248764;7929.69600814202;7474.74539092161;7414.02662745881;7703.81112624535;8396.63609271649;8674.46454518814;7569.99826867073;8220.93547341019;9400.81168623803;8849.04846911086;8784.91188954374;9607.29093288546;10784.0719402988;13126.6804989791;14380.5867434828;15091.2988501322;18202.7504564113;14050.9477408266;16423.4402355049;20540.3065199834
Malta;MLT;419000;12574.4607912635;7192.394285355;7688.02750707283;8365.01309952099;7428.47560128869;8149.41632429728;9717.50193818825;9852.31001075917;9683.14540797466;10091.2797969916;10301.4232851886;10377.0373182486;9967.79040659294;10849.7502791421;12844.5879877177;14064.2295970135;14809.9251820438;15723.4197903053;18368.9883867668;20765.3689211961;19564.1957457439;19624.8538073839;21209.0027290045
Libya;LBY;6422772;7394.56335649446;6668.62879951995;7235.08932782214;7513.80783226377;6667.21579638272;6104.09701924141;5348.96985254809;5734.4306845352;6200.8536881418;5405.72802915262;5937.37362419028;6479.7125224821;5330.83175067858;3651.35256509713;4342.5790940437;5905.85782305917;7626.03451924525;9583.79469871243;11921.4090741896;15150.1559223747;9957.4904063992;9957.4904063992;9957.4904063992
Barbados;BRB;273925;9651.13191498143;6591.24986265714;6480.35714272765;6083.03706880706;6266.97582633173;6575.39771803791;7057.83169366134;7504.23489689461;8270.32205516011;8891.22127317373;9253.34382818952;9565.4012283607;9523.72603809636;9211.2577283352;10003.6739343901;10461.3127762116;11108.9340968492;11771.8455556293;12551.4509347687;13484.515072746;13181.3415673694;15034.8844441355;13452.5873870585
Gabon;GAB;1534262;5821.46944006378;6406.90189694016;5630.20555631167;5641.53423742271;4277.97993516336;3969.68036281748;4560.58356781469;5092.07978778078;4638.40377645523;3806.16375855561;3863.73238537859;4102.62460215775;3730.98469293341;3821.29527695513;4595.79256528545;5340.19526271748;6321.9911576618;6832.26271986967;8127.67641763104;10021.873423849;7408.65197823306;8767.8258514092;11113.8884680599
Antigua and Barbuda;ATG;89612;10020.8195243311;6295.1410477957;6539.6452723163;6641.8443854274;6998.02297814735;7475.72882961358;7199.45788743644;7680.25666850446;8017.64096346129;8357.4203293562;8578.6910619166;10143.3680764924;9831.51085092884;10017.8353966129;10392.5149773712;10926.3111921296;11940.1657023968;13436.0384643046;15079.1213859324;15591.6329837278;13829.8307808731;13006.3009180977;12479.5493824405
Oman;OMN;2846145;10868.2531124997;6255.19356113543;5824.98093968056;6129.96789285482;5911.38443439834;5918.96971997339;6183.91110846788;6763.87326849908;6987.72027380089;6224.28908337206;6953.24521845231;8774.9338498471;8752.86890490215;8706.25791340082;9221.98937418854;10374.3130825574;12720.7016108521;14776.8994824584;16360.0591010611;22968.4567357432;17280.0972352585;20790.837957668;25220.6177264217
"Korea; Rep.";KOR;49779000;13222.2253349363;6153.09399680685;7122.70133237179;7555.2725269408;8219.89619903242;9525.43562988743;11467.8138477768;12249.1731451653;11234.7769967835;7462.83864531817;9554.4394429295;11346.6649874203;10654.9355534291;12093.7572968478;13451.2294176853;15028.9401491226;17550.8538854009;19676.1241830999;21590.1055843238;19028.0129314516;16958.6523899186;20540.1769251395;22424.0623017466
Seychelles;SYC;86000;8410.13040576155;5265.49655632082;5300.24751801704;6051.86923174028;6517.74028830365;6587.9263798606;6749.10368029683;6583.09063545188;7280.92926424549;7715.78373684353;7747.49614567595;7578.85105298845;7663.13708026446;8333.55135215272;8523.00502466624;8482.42424242424;11060.7975962978;12052.9287294982;11983.0226227633;11066.7190122155;9637.47309030445;11129.8071707887;11711.4685156339
Croatia;HRV;4407000;7623.89521015063;5184.5529653653;4025.8228670185;2299.65988388642;2349.25008360245;3135.13698114425;4721.69787947111;5193.90428131599;5140.34912941522;5577.96059002849;5067.55847466905;4861.6775099466;5191.90198481164;5974.07576536863;7689.95699595569;9237.11622340586;10090.3666886392;11228.6213750922;13376.0092308997;15693.8408073113;14044.3935967813;13461.3964092944;14180.4448998904
Palau;PLW;20609;6428.66624244098;5095.63258002518;5420.1409087971;5187.55505222096;4644.05016824717;4970.66174720305;5519.70557551872;6115.23680343619;6247.26851340912;6334.08919123205;6012.13180758635;6251.9820571667;6424.90464900526;6103.05012006335;6230.48025180221;6744.43266171792;7305.73696372953;7826.39548248463;7885.27123670345;7923.66961984247;7530.37077519371;7626.57891581101;8031.31225250548
Argentina;ARG;40764561;6749.67112229197;4330.32457298052;5732.83384272528;6821.0860430284;6967.02135319063;7479.29472051884;7402.97500123368;7712.44045813552;8199.90117275608;8273.17902416191;7759.0322606405;7695.59407267269;7203.25665342953;2709.70637486821;3410.33780792656;3993.90648445222;4735.98368396837;5485.5231146994;6623.8636982938;8223.30558448083;7666.90491585576;9124.33513297186;10941.9587174327
Trinidad and Tobago;TTO;1346350;8779.62395451936;4169.55610650291;4380.55779328051;4483.97479350548;3686.62191323061;3948.28889192049;4224.69675986376;4539.17587460991;4498.57410203403;4716.50466477747;5291.11005578398;6311.10655121385;6804.2650097889;6921.0507233983;8602.9106691374;9830.99039692211;12231.0308045259;13981.119013494;16395.7502370158;21049.4877300236;14771.9136872684;15613.7313325949;16699.3098885336
St. Kitts and Nevis;KNA;53051;8895.07949653415;3788.22997253605;3937.18766748607;4372.12800714098;4793.13129714906;5383.98135195934;5627.82284550518;6008.21020843866;6752.32962878977;7159.83966981279;7217.4332491979;9406.28989827598;9887.13325897967;10234.8095506662;9881.75779211495;10249.6449858128;10908.6422707278;12638.0072204975;13664.886712574;14482.855734428;13306.9998153587;12846.873324032;13143.554462268
Czech Republic;CZE;10546000;9668.10255291927;3786.85867010823;2782.96403483378;3240.53467870863;3800.9769541656;4448.88138040676;5595.63037530466;6291.15636168408;5770.87540579814;6203.70403073037;6044.97270488519;5724.83747264234;6288.81195520175;7685.08881613776;9335.67723978382;11156.657850092;12705.6245616942;14445.7295759665;17467.4176910853;21627.1559627755;18805.6556427491;18910.005005016;20579.0397944544
Russian Federation;RUS;141930000;4795.76189187605;3485.11220224671;3427.31751874726;3095.08715994977;2929.30328232381;2663.45698843851;2669.94612332623;2651.44201818809;2748.91743700115;1844.4857824085;1338.98644422805;1775.14129079602;2100.74378614929;2375.16293387448;2976.13704899831;4108.57448827638;5337.06532420942;6946.88099844691;9146.41636048193;11700.221117478;8615.658757138;10481.3670249678;13089.3375335985
Hungary;HUN;9971000;7542.94930980905;3186.44428733309;3287.88874766081;3665.57024273219;3801.86959720642;4095.68135686054;4411.03375128194;4454.43037913436;4521.96399913622;4670.65483932978;4713.54045944588;4542.72072008003;5175.02562762446;6535.29393636796;8246.99582574734;10084.5218424693;10936.9486141815;11173.5695060735;13534.7054993952;15364.6795469728;12634.551144935;12863.133827315;14043.6610645157
South Africa;ZAF;50586757;4285.38516324204;3182.2140464096;3345.80947269088;3557.11103829208;3479.92405399798;3546.66899220307;3862.8089929619;3593.27759965481;3636.17105861624;3205.1687588434;3102.81383309457;3019.94636722554;2638.15805013138;2439.99177847088;3647.70412041462;4695.03936276439;5234.31305181772;5468.29805924164;5930.12740958021;5612.8946611902;5738.27160871967;7271.72918459447;8070.03209040967
Mexico;MEX;114793341;6165.68672778072;3116.1235224818;3659.6833388588;4154.42690649762;4524.70937686624;4650.11423261551;3107.07391760942;3546.92896110312;4206.56403612398;4342.33411843889;4884.62501431883;5816.61448096171;6139.30171530683;6324.16750495989;6740.20547968329;7223.86961434311;7972.55364129367;8830.84474760499;9484.73155551746;9893.41459374414;7852.15477635558;9127.54127433186;10047.1252021591
Brazil;BRA;196655014;5138.36568523751;3086.87702040317;2677.26695522469;2526.59618354242;2791.9686837855;3854.88238589394;4751.06598921387;5109.34478920934;5220.85867210465;4980.98573102095;3413.25676651113;3696.14677192256;3129.75545644264;2812.33422337213;3041.67779634558;3609.87736620697;4743.26632132802;5793.39851161353;7197.02860136772;8628.95284105806;8391.66859203938;10992.9424895883;12593.8929270307
Uruguay;URY;3368595;6488.28380719471;2990.82495162023;3578.94993933386;4083.30412753277;4722.05832934363;5460.22222076097;5986.73981194106;6340.64445757682;7361.30494825724;7754.32443869028;7292.57060566584;6914.36258197758;6316.97004092343;4112.55399534311;3646.27913843113;4145.19828435089;5252.36769981925;5907.28013115713;7043.08032624191;9107.88081526303;9117.37346981325;11741.6983189359;13866.2551253043
St. Lucia;LCA;176000;4891.09575832514;2961.91330146209;3172.57615312061;3485.18253659689;3516.80833790829;3627.23590081951;3856.0413335606;3851.23526382008;4038.39942662311;4327.21908440517;4505.49042749514;4900.49567569114;4485.77551382201;4543.5430934044;4864.51471114911;5283.71757389597;5528.86452120183;6118.68274933042;6726.98778384272;6897.60990115759;6810.52463477575;6947.43431673052;7153.85444234007
Lithuania;LTU;3203000;5719.26859932623;2841.30756236628;2777.17362445149;2314.06681710043;2016.12221657549;1902.75169635275;2178.19609120596;2339.67391832493;2833.09422827713;3170.7524601115;3113.11977227418;3267.34744263239;3492.73344493941;4082.92399458641;5387.26272950741;6564.09422846215;7603.96677648003;8864.99230074561;11584.2411820974;14071.2651081544;11033.5884564141;11046.0518513662;13339.1832827515
Latvia;LVA;2220000;5605.83378975383;2796.31265998635;2549.03293417349;1854.4108574766;1743.06741387124;2007.68453536886;2106.88200936784;2273.01105987543;2521.00690907653;2745.60394803609;3048.97693122183;3300.93465630486;3529.94009096824;3983.01910868396;4810.66982866443;5950.1281963667;6973.16094254957;8713.06795312493;12638.1472877512;14857.8866192073;11475.6923347794;10723.3562631249;12726.3508346045
Turkey;TUR;73639596;5263.52343899023;2783.5866449841;2742.76956757148;2840.36802092391;3167.52690980665;2256.73112551501;2879.24830823394;3033.59336066345;3123.14251335623;4361.44213830251;3983.74620177199;4189.4780621383;3036.72708957549;3553.06626102457;4567.49913461439;5832.6893446599;7087.72024891628;7687.1256509437;9246.03040522512;10297.5054465719;8553.74145297029;10049.773564712;10524.0042053039
Botswana;BWA;2030738;4350.94617400289;2742.12687044611;2769.71090539316;2830.49809178957;2762.32813741363;2806.55054225178;3010.38291905523;2956.1066442468;3119.4807560459;3061.29437849287;3394.59230199409;3204.1154830988;3381.28609243039;3368.99901454397;4418.72266597456;5425.14574891767;5467.65910387576;5921.24787574224;6422.18505579411;6877.04109663209;5822.09656455067;7426.62835769301;8532.61722168124
Cuba;CUB;11253665;3385.97213234612;2709.98558895542;2282.48615010612;2058.88664323944;2072.82973958758;2622.48720030638;2791.41459906533;2284.85060925879;2307.63562460597;2333.02503238701;2562.73229456663;2752.55209394764;2844.05944326872;3005.73561617383;3203.19478116982;3400.34730844853;3789.16678706571;4681.89253842212;5200.56152061016;5396.88583510733;5396.88583510733;5396.88583510733;5396.88583510733
Estonia;EST;1340000;7409.99646918624;2629.01659389814;2629.01659389814;2629.01659389814;2629.01659389814;2629.01659389814;2629.01659389814;3339.85511852222;3609.82774966375;4035.56275035896;4150.035855127;4143.92718887775;4572.91284795944;5386.39351372456;7270.28482804435;8912.79009671882;10330.2448599037;12503.1232699897;16392.7210678516;17738.5231043752;14264.0114797949;14062.2342350933;16533.3747927032
Mauritius;MUS;1286051;4606.75106350089;2506.18493271298;2669.32628158848;2973.20538801772;2973.79360894844;3197.33695600519;3599.55175081755;3899.44243320673;3646.63784190973;3593.24156856112;3651.23107830888;3861.03854240778;3780.82884807517;3939.28186264406;4587.6561083959;5177.36646534448;5054.31811162906;5194.46714096886;6182.19732864129;7599.976242645;6928.9615831244;7577.10624646346;8755.37307660327
Algeria;DZA;35980193;2585.87983495305;2452.45472245241;1762.99193476648;1807.49127498677;1838.30088319558;1533.00572100735;1476.20026157788;1630.65733677001;1647.50533918651;1623.92252633534;1616.0203779151;1794.40523316556;1781.05381351174;1814.55742958381;2131.34526242867;2624.20727145345;3111.70344686813;3508.90877857113;4005.22424244245;4966.57170204569;3951.91090053405;4566.89103151877;5244.02687865026
Malaysia;MYS;28859154;4994.22791391232;2417.77347763755;2626.38686998518;3080.14064417406;3395.43968588156;3686.17530582435;4287.11293196279;4746.6136721857;4598.8041417714;3233.30623541088;3461.14520102009;4005.55632490843;3871.70518442253;4113.57118630619;4397.50835113791;4874.84428994713;5499.29359184623;6119.44366025232;7155.01579383029;8398.93650323828;7236.35229710468;8690.57023912497;9977.31851809851
Costa Rica;CRI;4726575;4431.7432222719;2411.36110507708;2275.66575929716;2658.60844375328;2917.67772968212;3119.37856711287;3379.25456300716;3329.46641909264;3516.46142008505;3768.38052924351;4122.81105196304;4068.82135059719;4097.88266173427;4125.29170597066;4210.50281288317;4390.48634944785;4632.85690927858;5140.89222014993;5911.59150842378;6596.71537164474;6403.58194934545;7773.85827195064;8646.80419024167
Chile;CHL;17269525;6461.48753200012;2393.03578030205;2712.28786770988;3250.96752254426;3423.98286119241;3890.98093600444;4951.56794061899;5178.74406835722;5580.10607463407;5277.79387442609;4792.37196593998;5144.58925355742;4635.73732215641;4497.25094423701;4877.26791850134;6237.87528737443;7631.34836999237;9376.1278614806;10392.9434442699;10694.8687198534;10178.8926757244;12639.5242560097;14394.4607591161
"Venezuela; RB";VEN;29278000;5470.94054538412;2381.13966506479;2561.48749932089;2830.26082946259;2751.17443769064;2619.18659312704;3397.39337584197;3033.44542097523;3738.72493482952;3901.18919155031;4105.00425007972;4818.7081800651;4963.04197865219;3683.17156923804;3257.07686449238;4304.03032965829;5475.1661079833;6787.67053101601;8382.05481845821;11297.662557359;11605.7983196973;13657.7481943983;10809.5563494898
Bulgaria;BGR;7476000;2989.86174659316;2377.33578626531;1267.73441441504;1214.48493254431;1278.5173915088;1149.37799254941;1554.72172292877;1063.07566098989;1209.50274411588;1581.82457412776;1611.12900386908;1579.34823955798;1729.19115686112;2030.78852342214;2641.78772313452;3249.28739637349;3733.26316099698;4313.43063643639;5498.03572893702;6798.13495141022;6403.14768611331;6334.68213239936;7158.15686609275
Dominica;DMA;67675;4555.71403656697;2345.01064786949;2547.03472305135;2702.28096444004;2815.61805893531;3019.75146889927;3139.35627527253;3321.59530608964;3469.23576688626;3670.04260569714;3824.70374144349;4657.01907737184;4765.50246534437;4718.51894290187;4924.91203569472;5311.80756791988;5246.51313424415;5643.73710173055;6119.17950141742;6780.71415801723;7085.44757766807;6963.87234556604;7153.85533801256
"Macedonia; FYR";MKD;2063893;2648.9377220115;2342.06488894831;2441.65190843364;1197.67380103164;1311.59726408327;1730.54673265202;2266.06151390075;2241.0165439723;1883.67297164449;1792.32886578646;1835.5629363655;1785.32679154725;1704.77853493169;1874.79163491369;2345.48627299138;2712.32034573929;2936.94255801337;3211.08893340585;3984.4416048995;4791.19287613123;4528.25473593781;4434.48891049009;4925.33925843339
Grenada;GRD;104890;4887.17825494876;2298.02869584409;2506.74877660721;2583.74075880083;2548.15341289934;2635.88627022258;2758.46661358713;2925.83282838445;3018.04993326483;3367.103101155;3745.57883990713;5154.11787501337;5143.75997901536;5339.48605886112;5835.30592191882;5856.36953346848;6817.91608750396;6839.89766708867;7389.37054872634;8024.63967779905;7449.85408559794;7499.51763495986;7780.09730824705
Slovak Republic;SVK;5440000;8358.49132192213;2210.99818330539;2473.77751295312;2690.16466599619;3031.87733177805;3685.75282006353;4709.73556422165;5077.72131032973;5022.77020632279;5431.44323975471;5550.00429154367;5330.40162188749;5636.63908980301;6439.47674866822;8520.58830292906;10417.8117288759;11384.5294595521;12798.5272671241;15583.3990303331;18109.0556601147;16100.0827063843;16036.0692703041;17645.983070042
Panama;PAN;3571185;4359.33375091997;2199.23954624438;2369.06057095402;2638.2442530973;2822.42247259572;2948.60313172085;2953.4249359153;3412.54236804178;3617.9315075767;3845.03650014983;3950.94418747732;3930.98940978835;3919.32643682358;3998.66672010213;4137.87587204233;4456.14020752559;4775.53028251369;5201.5687569565;5907.36839745877;6752.29349179962;6955.74483499095;7614.00924699018;7498.37938947436
Belize;BLZ;356600;3317.69033413059;2185.44965079365;2292.37487868503;2603.73707781869;2730.53489419546;2752.41806285865;2863.88809172155;2888.60960974383;2844.3396569817;2888.3541833326;3013.6075432702;3329.66373098479;3388.42112474452;3516.87934834485;3610.51913887143;3737.8050470353;3820.6806298036;4025.08553825984;4098.72120688518;4233.15740453275;4048.61944777911;4057.15114592399;4059.16993830623
"Iran; Islamic Rep.";IRN;74798599;2373.32143550685;2114.70378671021;1037.07022836455;1037.07022836455;1037.07022836455;1141.46830976956;1519.97794223194;1818.17301429459;1699.58002214001;1626.12003803864;1628.17045208893;1550.09060785641;1740.79628461363;1732.12166086806;1989.51380114921;2369.26558501316;2753.61270361907;3157.74931207455;4004.42274967437;4678.24880181429;4525.94860803344;4525.94860803344;4525.94860803344
Jamaica;JAM;2709300;3407.2702318121;1921.4260299318;1706.62273281251;1459.09564879593;2003.75584458521;2007.36926559177;2344.14192808063;2600.59834595335;2948.82784018985;3419.20432040956;3430.42593870825;3479.05675439137;3495.29933583825;3713.08777411832;3591.51314511268;3856.27342447657;4178.90827083182;4441.29770173943;4747.11594853623;4865.67600511448;4456.51923536268;4964.18640796083;5329.54320132464
St. Vincent and the Grenadines;VCT;109365;3974.5045044751;1844.66494715575;1971.99742855471;2160.15635798702;2209.82743270535;2250.51168190504;2465.43514601294;2605.47068177281;2714.1422424227;2945.60892745311;3076.57121884592;3683.78276857696;3991.38725013697;4277.77725018245;4452.04645061733;4813.15238548568;5070.40269823503;5610.09315490258;6278.1213535193;6402.42925077159;6153.09379875625;6171.62255237228;6290.8041200804
Fiji;FJI;868406;2836.07840007343;1835.58915172782;1882.10986032828;2057.7798114788;2166.18183147401;2383.73457588248;2540.25034579975;2713.43373746306;2640.04916658638;2069.20921404172;2406.87323535791;2074.74731802593;2037.48538943407;2257.27087999544;2833.5069692215;3329.87492757381;3655.35718036911;3747.49704995849;4046.44715241317;4255.14158603885;3377.26903939561;3687.21576452275;4396.70061452651
Belarus;BLR;9473000;2634.08851245402;1704.74030406477;1747.43867127761;1666.22751294157;1590.03540902938;1460.01754360249;1370.67270975184;1452.44700181708;1396.50216637274;1511.77026798131;1209.61488077994;1273.04912394871;1239.16729793254;1470.52145017321;1805.29611140492;2355.50518992562;3090.35963522097;3797.78256961095;4666.63698163522;6328.21111706597;5176.1358798279;5817.89774646622;5819.9177031574
Poland;POL;38216000;6273.44123582353;1693.73580961381;2187.15058056372;2405.79269053577;2443.0777302492;2812.60309830318;3603.10332074274;4056.6124251212;4066.11171039915;4471.95989708693;4340.41835579626;4454.0802196319;4978.57382617075;5183.82260632637;5674.73704433904;6620.0704241166;7963.0212080809;8958.01242244721;11157.2731919619;13885.6417498423;11293.8462174913;12303.2079185441;13462.8547407532
Namibia;NAM;2324004;2720.40935156914;1661.19429108678;1700.9890183796;1876.09839875809;1827.03047168896;2027.56781632565;2121.34576296772;2052.62206862807;2075.05435945087;1885.46733832656;1829.15289174181;2061.6209714655;1831.68321978928;1703.22669217602;2456.94783776445;3232.8479047402;3491.27280604601;3766.78116504086;4078.68497535733;4017.31868386645;3983.23755444355;4875.97091959691;5292.89058688051
Marshall Islands;MHL;54816;2359.6872033456;1659.53307392996;1702.26330231694;1844.53807044907;1987.62989608313;2137.26886186097;2357.08124215809;2157.23209247115;2056.0014959484;2093.24221052535;2073.32744123065;2127.48546193577;2208.89955568297;2395.71067309583;2440.52133889365;2522.82877038973;2643.44260375402;2745.68150109336;2852.8781878312;2885.13167831791;2838.42944006167;3015.20873844548;3168.78283712785
Romania;ROU;21390000;3512.41854873673;1650.69297837547;1254.14827051448;1100.72787619938;1158.05639379047;1323.02440317349;1563.94962760206;1562.12350001173;1564.50841984717;1871.18898032897;1583.84984553518;1650.96842103453;1815.50698438429;2101.74098746731;2736.97498250291;3481.20005967751;4572.04845345248;5681.09163666699;7856.47606035894;9299.73868488964;7500.3404452926;7539.35726305062;8405.49379805191
Kazakhstan;KAZ;16558459;3425.98521001425;1647.46323088489;1512.48506649256;1515.10404317961;1433.4615339108;1320.32162766745;1288.23902100185;1350.33384396278;1445.56941040867;1468.70178614569;1130.11360341239;1229.00095847383;1490.92675121819;1658.03114597916;2068.12351852812;2874.28848272999;3771.27895733845;5291.57402200785;6771.41663838215;8513.56754699515;7164.93139050307;9070.00972926781;11356.732311823
Georgia;GEO;4486000;1329.03691567317;1611.4108421544;1310.47264249497;757.38393919697;550.015394494186;517.087113049566;569.01814110096;670.461104849436;774.680210871008;805.272689971326;628.865657975276;691.997705191985;733.97041379006;779.38459063659;922.029739615273;1186.87304662626;1470.04203503662;1764.87043636042;2317.98850116003;2919.75665532987;2441.01665833044;2613.68950836499;3202.52511820901
Ukraine;UKR;45706100;1634.38542615716;1569.73004108385;1489.67969217639;1417.86993909774;1258.13632614604;1012.10518319258;935.968098691152;872.709185845106;991.230100697401;835.260296788022;635.766242031047;635.708968158503;780.738031094137;879.475048622778;1048.52248790763;1367.35243333629;1828.71762576598;2303.01883093183;3068.60899799696;3891.03782318207;2545.48034107349;2973.98170874555;3615.3819728929
"Micronesia; Fed. Sts.";FSM;111542;2147.49742617908;1528.25506909333;1683.05501827867;1757.90117851432;1911.73636538832;1913.53649893692;2071.22422329793;2028.15209208403;1916.68441273072;2041.2267054252;2057.69001323118;2177.58907629378;2237.41168817432;2242.1598453826;2261.62920474961;2199.32165359274;2283.38398837446;2304.3401889374;2324.33634032586;2367.9147060516;2507.41735155742;2648.17790190439;2781.79985361492
Tunisia;TUN;10673800;2717.91004127257;1507.23145563355;1571.82835333313;1825.37913235654;1687.451994419;1773.31300046264;2012.93626562594;2154.98693916039;2251.36846776111;2336.08394315192;2426.38836272624;2245.33505902834;2281.05687999244;2365.75886121553;2790.00436823287;3139.52911808272;3218.96108071481;3394.31028757518;3807.67716515445;4345.07050292253;4168.93675437811;4193.5547400205;4296.85817604861
Thailand;THA;69518555;2677.05597562527;1495.35853989456;1702.16821717674;1914.14153806141;2130.70024125851;2440.65864894086;2816.73285969078;3019.47111918254;2476.31968395848;1814.12520360098;1964.94818125606;1943.23792813964;1808.11317754657;1962.73462120745;2182.03265427975;2442.30782910579;2644.01738198315;3078.18017605593;3642.91738770863;3992.76192545656;3838.24959424365;4613.6808899393;4972.37366506863
Swaziland;SWZ;1067773;2038.98549772219;1292.0631281663;1305.08814432003;1415.77944377164;1466.7938966986;1503.77062019462;1763.16293057143;1639.00091158523;1706.52681743215;1564.25219892154;1533.49805334272;1508.18365985967;1333.208801737;1207.95985411176;1826.98359500763;2382.27032006834;2539.82154032186;2893.64322316993;2993.64507592225;2926.851911995;2826.73555870926;3503.16036599163;3725.28089798959
Jordan;JOR;6181000;2258.69033704048;1268.22328927738;1182.88748482047;1422.67161832075;1435.19581615987;1535.95501328855;1603.68398346752;1601.94653256749;1625.44310428671;1721.43347912932;1741.59621503651;1764.22989249254;1826.22062430097;1902.38828106391;1974.77849728892;2157.16267426359;2326.28023058541;2719.33126063457;3022.0081243599;3796.75743140709;4027.05208091558;4369.99824154345;4665.94353968012
Paraguay;PRY;6568290;1687.13411735802;1240.52062727023;1435.07524693781;1443.63460188866;1502.64707321276;1481.36923930415;1682.00159895123;1782.69956998299;1769.23527073618;1544.70263812934;1393.30815295194;1323.48193384895;1181.82995056687;915.010159173578;978.206367919211;1200.87541037414;1267.10982836098;1543.78323115913;1997.23454461998;2710.56643750495;2254.24130608014;2840.34959572406;3629.06779717916
Azerbaijan;AZE;9168000;1898.80888792974;1237.324491677;1209.23749284959;676.15151145252;530.090379806798;436.19055858199;397.198116117247;409.216745216782;505.560573228931;561.910301735455;573.8902561721;655.097432602586;703.671250439944;763.101212220367;883.614008967961;1045.02641527642;1578.36733030667;2472.99747579405;3851.32566367549;5574.60380218613;4950.29479142375;5843.16975329757;6915.75597142496
Colombia;COL;46927125;3112.98233570195;1212.95711941675;1218.30389096192;1428.50478772263;1587.72522623996;2282.35031248266;2537.69024762256;2617.98032462695;2823.54349416756;2561.03149532327;2204.09997716476;2511.97466521853;2429.42196329611;2384.07585866178;2268.87706548319;2762.13044422326;3404.23411995239;3725.09136718161;4678.90104517857;5423.26686786239;5133.39125636046;6186.02486793929;7104.03498835622
Peru;PER;29399817;2742.00864958128;1212.53033416052;1561.53968957859;1599.94537994025;1515.85691975288;1918.85981322398;2252.64275278725;2304.29540601336;2400.86044455078;2262.90409662997;2021.67943705688;2060.57625717817;2056.397648782;2135.96450402162;2279.1627915135;2559.46426483038;2880.57399887238;3312.37091609784;3817.12025598163;4457.92775828004;4412.38679462837;5283.22459531314;6017.90623159467
Tonga;TON;104509;2299.95668143483;1193.5241363889;1387.13752108348;1436.36210833599;1449.53354468829;2025.01743151324;2111.91064184197;2282.66840715804;2197.33741394434;1945.90884762736;1998.0242591644;1926.00457914856;1696.2801095824;1835.40071432983;2088.10596047839;2401.07872705046;2623.8328458021;2913.82874390311;2944.27628334695;3370.60715920863;3076.5985267143;3544.01161250869;4151.59741774693
"Congo; Rep.";COG;4139748;1456.68021808853;1171.56168424972;1110.40030662493;1163.88673968367;741.410354309733;665.438150302882;774.325473790185;904.124858001242;803.475217522537;655.656128413787;770.400254273003;1026.83155510095;869.583813716901;918.231811183502;1038.83836057202;1349.08469948896;1722.81283438134;2130.66865042183;2250.21754849081;3091.2323392069;2434.00956072874;2970.11626248829;3484.65819499569
Mongolia;MNG;2800114;1013.23026053254;1167.94698372172;1068.51625747457;585.121312003695;338.318724174436;404.574911194094;629.697555147332;578.712210893854;503.463998573058;475.069759377115;442.64114391853;471.473325797376;520.842107356948;567.970420373766;641.92502239466;792.243732000043;990.586624190447;1321.15492482856;1613.59483550113;2108.07554543999;1690.41698362112;2249.76589999408;3128.95345373933
Kosovo;KSV;1794303;1790.28741414389;1087.76240120887;1087.76240120887;1087.76240120887;1087.76240120887;1087.76240120887;1087.76240120887;1087.76240120887;1087.76240120887;1087.76240120887;1087.76240120887;1087.76240120887;1490.36103250226;1587.50582851273;1969.56271307405;2135.33284652383;2194.37265074737;2277.06470016807;2698.36763758741;3228.57538872808;3093.53447574336;3150.14770402209;3596.11172025872
Vanuatu;VUT;245619;1734.21020150635;1080.20817769658;1252.52823548652;1263.23557655035;1176.553872635;1334.88586792381;1390.09832667289;1427.25199399511;1462.89019462885;1474.04970610624;1478.70615737581;1469.76178745154;1360.77576562925;1345.18756301378;1567.00130045575;1769.56458822821;1862.46429132729;2008.67610701659;2373.19331931558;2602.32714345748;2525.55211321657;2833.32717801736;3094.38516693918
Morocco;MAR;32272974;1692.06405146364;1032.750579;1093.0834697;1097.8280184;1017.0819579;1133.5865748;1213.2782305;1327.9301824;1194.0524682;1410.7910096;1382.3945834;1271.8110919;1280.2797637;1355.5176192;1651.9595834;1867.2506508;1930.5280005;2106.2043472;2388.7938953;2793.4476524;2827.8185537;2795.4902278;3053.5306724
Ecuador;ECU;14666055;2266.7673849996;1009.29545130321;1081.47345527467;1118.54885913723;1375.2369590387;1663.01191790648;1774.84078285181;1836.84951307122;2008.4360721059;1945.39776732874;1373.2086261645;1291.34161301017;1692.95251352052;1936.01116592513;2187.36345079363;2471.49260091837;2751.47310500609;3057.61743579848;3285.52199715792;3856.40795803294;3647.69626280873;4008.23796405867;4496.46699877816
Syrian Arab Republic;SYR;20820311;1478.43453718119;998.742975478215;1022.9823583579;1014.55536585394;1019.13586304704;732.983140624515;804.220029512562;949.7699560663;976.358436960871;1000.03435052285;1019.33129116534;1208.73464153283;1282.28068503638;1272.31935458623;1248.02829566019;1393.34704484973;1561.28408572727;1767.29507342026;2099.45889551636;2677.59006816732;2691.59760912141;2892.75514838928;2892.75514838928
Angola;AGO;19618432;1524.24819112362;992.756820249027;1144.57497122565;525.260525782464;464.800936560425;345.703054882502;416.314833823433;604.401575198771;348.607580137994;69.0511778095459;126.570460756925;298.405842933873;314.710981515758;447.93903718011;808.277500432541;1187.80825894743;1856.95896784332;2573.99005816752;3526.11928227087;4414.06251248968;3511.75781664099;4237.34764166929;5318.0403682016
Dominican Republic;DOM;10056181;2940.66359145631;983.183197328879;1324.87868508332;1506.58142458877;1700.46897711411;1866.40023612231;2066.42971162836;2251.06582841717;2392.18153244261;2543.1891673735;2566.63753378681;2792.91769577717;2852.87383674564;2998.65956405501;2364.32148385996;2413.94491763718;3670.4505390382;3825.46875121396;4334.33342928055;4739.32922679172;4775.84588349699;5195.38123708808;5530.05615316855
Suriname;SUR;529419;3269.42994776093;980.793486912925;1061.03942306621;966.029035881078;1025.30072448198;1406.52863636998;1591.13988777757;1946.13097326068;2075.21593847177;2080.92940676996;1923.12687510724;1911.04631544449;1612.62263616029;2246.0535256971;2611.03014523418;3009.3479618276;3592.62617435819;5201.55467179494;5756.52771398215;6859.25499761196;7486.23820348131;8292.46105852439;8292.46105852439
Tuvalu;TUV;9847;1851.90958784477;980.091763453079;1034.17492439006;1070.26294997103;1052.80114950573;1184.93871452169;1194.93654652253;1331.51987962636;1366.0027936087;1366.76728008263;1460.07036174034;1458.94962503475;1393.33018821957;1621.33200845936;1901.03159815462;2232.60487648955;2252.89669551979;2344.927868408;2783.57348748469;3084.52642779356;2753.53862260193;3237.66407550893;3636.06909548803
Maldives;MDV;320081;3134.4940267624;980.02043629588;1083.11273667832;1229.10888417977;1356.55935597488;1463.003515181;1604.22076526369;1773.43805304938;1962.23814190063;2046.8508762745;2193.74444158357;2284.97395506224;2888.65661759206;2934.26125534071;3313.50945354333;3696.40457682104;3361.59247561306;4353.01366980719;5079.99486886364;6149.011846947;6229.67049358598;6570.42911186033;6405.05305735452
Solomon Islands;SLB;552267;1146.17704768225;977.346166538701;1006.23200798568;1156.47178478193;1219.50153190023;1340.90588406916;1457.15002276777;1542.63326416912;1508.37426479301;1217.80744691772;1212.72975001437;1064.51468745637;952.960728896227;790.690856078398;748.825924372217;820.95446791646;881.024849206086;945.622039064016;1180.72545478204;1265.71947744094;1147.24367231848;1261.03875083946;1517.42201670113
Moldova;MDA;3559000;822.364966086212;972.093095245982;835.015410176162;625.301538599629;640.165431547581;460.832255751053;476.992677956945;462.172015045522;527.391638067506;448.836570018737;321.02697253128;354.00166803162;407.730467741519;458.67819663511;548.290445491452;720.94313254258;831.160265173247;950.61642325016;1230.81187565932;1695.97328619193;1525.52654667283;1631.53319453364;1966.93614703287
Lebanon;LBN;4259405;4809.56647117176;962.729736236309;1471.05340487845;1771.41573789179;2318.6849138755;2852.73050135985;3384.02637503426;3868.2359910228;4378.74198769778;4732.81289028855;4712.98127599589;4612.19867159044;4641.12580409784;4950.81271881072;5103.11825332923;5449.93142302361;5394.47947582258;5476.19518525532;6059.85298164259;7218.67424462696;8256.09455077489;8781.43732939841;9413.12891312495
Cameroon;CMR;20030362;876.035383710035;915.503194226108;992.375393767365;884.634672662075;1022.33049404491;678.48944161672;626.471733140114;681.179711551752;672.540475337066;642.996394265669;684.313581193575;592.372000302157;600.577756152489;663.074230042411;811.625604448489;919.027751616904;944.987445072776;1000.26230805527;1113.44711377193;1265.30294385313;1157.14166976122;1144.24978199753;1259.87474474111
El Salvador;SLV;6227491;2288.99157056235;900.253166086084;981.1070969162;1082.96505560695;1242.46599388349;1427.57966985432;1657.04290151193;1781.18201360583;1906.92242457401;2042.90915434512;2108.68835853397;2211.02245894781;2315.23324892381;2389.13549289081;2504.22608018643;2620.47521294482;2825.18193085446;3053.8710511686;3295.41632436565;3496.29700203667;3353.82813810026;3460.02328760908;3701.98848942536
Cape Verde;CPV;500585;1807.16064995165;881.453067380319;899.262090671901;979.25567872536;1308.40774027251;1055.77667256262;1233.45721663169;1242.01213341234;1188.22227104695;1239.09506831159;1380.03042944764;1233.25752260653;1264.9501606375;1371.59254122846;1769.36757341846;1980.18463821144;2055.42798584824;2316.46928441021;2755.99392139761;3204.39075988221;3256.22633247153;3344.87220954099;3797.82900082028
Turkmenistan;TKM;5105301;1649.46946032823;881.152354562341;847.541719995419;824.462152637356;796.415844462983;625.34760204711;592.698785273691;557.510448967896;565.057669687832;592.836032793122;550.787024886125;645.277101469676;776.576495634939;969.986691297216;1286.04857036917;1455.96859810003;1706.95672639245;2140.34269572207;2606.41578729535;3918.25367026322;4059.38101242658;4392.71958330752;5496.59155962889
Cote d'Ivoire;CIV;20152894;866.170728162428;862.444755140237;810.499447531977;833.443342294429;799.245820645684;583.245791429541;749.471715907482;804.460239428405;756.656171659696;805.021001323622;773.043362360777;628.228114827668;624.244949630522;668.581510825482;787.000175103536;873.067464893308;908.023205068156;947.687605451015;1061.61668917115;1233.17241771432;1190.78050021129;1161.26313962414;1194.55859933097
Guatemala;GTM;14757316;1870.81680889882;857.336463676572;1030.11792911267;1117.24955047677;1191.89274881068;1326.40564155096;1463.39791378735;1540.20292829953;1697.1456124328;1808.57910312027;1669.08742296697;1716.68534171298;1624.54672795501;1760.6799118379;1811.58361984736;1931.94165661572;2139.72641786288;2319.24458691703;2553.59757126607;2858.57327561917;2688.81322299726;2873.07744455601;3178.08470435209
Zimbabwe;ZWE;12754378;570.55423876329;839.014918796648;803.992262986888;613.452877634985;583.732753001971;600.763024080644;608.597133778977;719.278278217409;705.709524260493;522.109188409411;552.832131752122;534.791151544984;538.95639350454;503.03152661646;454.103841956223;460.839428950351;457.828254745879;434.480957354367;423.992165954387;354.630972344463;491.682267542446;591.285181470602;757.089017888128
Djibouti;DJI;905564;877.147670318294;804.439177278822;795.029952548396;804.220335523735;772.199225687805;801.816708215414;794.404767917064;766.571389894535;755.045867746585;746.462521315374;753.373398211475;753.119645125224;763.626449192056;772.422802546767;797.861404641949;839.15864148813;876.883441477134;933.459373924449;1010.08505432464;1148.30888594099;1202.91990133398;1202.91990133398;1202.91990133398
Senegal;SEN;12767556;738.633266593299;789.420271653108;752.822544824763;781.18771735507;717.469489889844;476.130454016813;582.942527453243;589.608015572824;530.201503806678;556.739343388225;555.204548326842;492.286225232753;499.81365742388;532.151961104125;665.952183530303;758.882735591949;800.137010642939;838.849754557625;986.499587211261;1135.6754777237;1054.69424912644;1033.9053189204;1119.35728769979
Papua New Guinea;PNG;7013829;943.349340989371;774.410368202838;888.729180731428;1002.09876133459;1110.42599050572;1197.40894443063;983.140378024767;1065.03044495902;993.185178568335;742.42056615466;663.490187753471;654.66878165128;558.300562133549;529.959538380961;609.41606872585;660.22618128928;804.139968328609;896.521337427828;989.523005899018;1223.09399621001;1180.69043318696;1382.28058795159;1844.52503991578
"Egypt; Arab Rep.";EGY;82536770;1377.34399757006;758.760207860306;637.947074718005;709.362409687639;776.046366961001;850.33940945842;969.312784458578;1071.43827952269;1221.76135684636;1298.87988171135;1364.95054405385;1475.84440956885;1417.25645538752;1251.88658734669;1159.79717515688;1082.36924804929;1208.65012235875;1422.34001598849;1695.80389122296;2078.79629657809;2370.7111103535;2698.36507372516;2780.94924552693
Bolivia;BOL;10088108;1146.1023382022;731.037102184067;784.17811304022;809.252732870509;803.381847331102;818.870567246543;898.839762134804;968.488885390886;1015.55556373365;1066.02015167488;1017.9706534936;1010.90736737674;960.456850311209;914.282053919938;916.796514193392;976.681823225403;1044.00967366724;1230.44115353402;1386.43436386778;1733.64606904369;1774.19520834347;1978.85432654434;2373.95065732083
Philippines;PHL;94852030;1234.93349800405;719.00945887487;719.235980942111;819.316395265204;821.595904626571;946.553225527588;1070.2397673721;1169.65317883523;1136.92720412826;975.232377456264;1096.80981344234;1048.07051304762;965.777100141836;1009.01944733131;1019.61523216703;1088.57316425789;1204.79575854008;1402.84601523587;1684.77707115539;1925.21337585439;1835.63651328558;2140.12159132229;2369.51786727927
Samoa;WSM;183874;1777.60027894749;694.688969071779;688.649116126775;719.721642648305;718.122342485765;1182.03546385689;1190.78197498722;1310.06357939937;1480.85969959515;1383.59837538887;1316.56534285524;1391.21435381289;1369.7890944921;1438.06698550596;1685.29791071554;2084.08053387569;2287.10287155203;2506.46083949918;2708.10326024208;3185.88738731306;2892.63765001288;3388.0650724483;3485.41367095966
Uzbekistan;UZB;29341200;710.454681058589;651.419209686743;658.655868140861;603.934942003424;597.025272621413;576.443417228799;585.932040055389;600.598157828584;623.002652367639;623.216132835985;702.479299350857;558.221143977787;456.704403877993;383.350258201846;396.377203872867;465.118987793287;546.776850185552;642.961628317374;830.407694204322;1022.51862309068;1181.84735960066;1377.08214344778;1545.92969459912
Albania;ALB;3215988;1789.91324708447;638.892178497351;346.072974278145;217.158330073374;380.808910851325;624.535068069998;771.862535148896;968.071951676898;710.314788052952;885.908630874792;1117.70576716451;1200.13743711751;1329.38503146723;1440.0301431256;1819.3978376418;2388.72927468633;2666.14161960751;2893.1578534896;3377.22151719307;4076.40213553351;3795.68886057602;3700.73841064381;4029.7301800882
Armenia;ARM;3100236;1309.65007777403;636.680689996499;588.979636657608;368.869464909042;356.433307665429;399.678675986223;455.550276086151;503.428681868183;522.991449753999;609.091321690663;597.122840399022;621.424826318947;690.997783091168;776.309387674218;917.174148435494;1167.83165494557;1598.33994851347;2079.73361006216;2994.70899044405;3787.49215104567;2803.26553438416;3030.71062703879;3305.48670406214
Honduras;HND;7754687;1180.95628184607;623.584014361689;610.415336250525;661.998725915252;656.50893215484;630.867766396251;701.521745245465;706.906674311988;799.093207673137;872.414670131529;882.167303541739;1142.70965843096;1192.08716368051;1200.52613318057;1245.80554098293;1315.5780887607;1412.13844225144;1549.96585188342;1720.35317599639;1894.62951686162;1895.78504481228;2018.75002675766;2247.23118103266
Indonesia;IDN;242325638;1284.96511295116;620.716131126684;683.738432207743;730.221445498384;816.464646995522;900.267429686372;1013.69954463397;1124.16196970702;1052.1077047556;459.227653226865;664.739740226875;773.310969941658;742.110781649808;893.319902532506;1058.29998385135;1143.49695069443;1257.65339624751;1585.65079135201;1859.30263887315;2171.70480022399;2272.7338490967;2951.69914850899;3494.60457388833
Kyrgyz Republic;KGZ;5507000;523.421136619103;608.945163053379;575.955133375153;513.035921513044;449.065790188734;372.307810016831;364.226497350785;394.860121460514;376.4296132611;345.138131648451;258.049339959105;279.620274992268;308.409031386695;321.726538045142;380.507362435481;433.235118935166;476.480097612307;543.110702403072;721.768690838857;966.393627185372;871.218297484413;880.038514144186;1074.74322833021
Comoros;COM;753943;546.214221970517;571.008181285249;550.237669732578;579.287037083109;559.871980849555;385.077587346547;468.964204735796;454.571150171724;407.765515721875;403.545544526021;406.26955164221;358.952908741127;381.107114983828;423.424011056851;532.555905147771;579.061161553861;601.94678429544;610.361034141245;685.156953942627;760.553952072149;747.912695658983;739.507876140253;809.57406252258
Guyana;GUY;756040;1347.15759104035;547.062084389734;465.421716736;508.946585525224;610.108915368002;744.44075882814;853.907580099867;967.648434493052;1026.57785573039;982.302468488299;949.772772469231;972.127885621033;946.900452174254;978.929733598162;1001.35552588413;1056.70745102677;1105.38979054047;1948.96181970784;2320.23638993965;2558.08153846305;2689.94703873999;2994.44531151345;3408.19489355092
Bhutan;BTN;738267;1031.81757392728;536.77220192375;449.927468862304;459.031032019585;440.61017491733;517.372506413952;584.386448253271;607.883249822331;692.823282999921;697.41018360994;754.506957932471;768.750999483328;810.068356524888;886.186245536085;996.148664701837;1093.83875820374;1242.04131669074;1330.51336226266;1736.97563037859;1792.90974984788;1772.10085496955;2183.44233276158;2346.28684828435
Mauritania;MRT;3541540;704.334684947175;510.937732570546;704.081851134637;694.818446346021;576.822794990197;590.513992262759;617.479894744818;611.872541358877;578.03327743333;551.078135202057;547.431605435683;489.51164499164;476.23604795439;472.952489368254;542.356358862051;618.461529100729;716.858008304852;971.4882976361;1044.84943796537;1088.0145475102;896.196478452731;1044.54796004431;1150.81999716829
Central African Republic;CAF;4486837;362.405492449825;506.855108164758;466.96263305272;464.883859506523;410.263471730043;262.664591928259;337.141992639405;314.132228021486;287.334298373093;294.191219154084;289.438906890146;247.028184404372;247.362403085857;258.909015298591;292.886570767405;321.237778746888;336.009955543722;360.39572882902;407.917042832343;467.966752557248;458.933286077144;451.259442291557;489.146364001488
Tajikistan;TJK;6976958;385.26899626104;495.817405624084;467.917695453216;345.93936874101;293.63708607287;236.491763353188;213.235836897451;178.128595162964;155.05719939805;219.010886608667;178.001255500383;139.409881804739;173.406966571739;194.265176483286;245.25694074134;324.848963924653;358.319166655576;433.776983328764;563.182534121298;771.336914408077;733.874116597373;820.183121085895;934.820059208259
Haiti;HTI;10123787;453.157071226431;477.944860522714;477.944860522714;284.445598101772;238.511478305696;275.083338752483;342.174055262389;369.883102754493;396.065290569811;450.419016254644;481.286735609981;423.86889418267;399.000167942194;359.769649320744;311.444276109675;397.333041309041;444.439219997472;514.787279764302;621.461575292856;658.123334789242;655.930267729905;663.906250226891;725.633273659786
"Yemen; Rep.";YEM;24799880;662.102064002257;472.644218760899;472.907472888494;490.03456394088;387.107281493484;286.805035496692;281.142089319418;368.275468156773;421.462079275092;378.373902555691;444.030792086673;543.713882753591;539.474315607145;567.830345640798;606.485271246033;692.770390164062;811.374724638606;896.353939353571;986.76630098978;1189.6338780121;1077.24014238306;1290.62307677192;1361.1962365149
Sri Lanka;LKA;20869000;1135.17598828958;472.086463311204;521.246457495851;556.812328466994;585.893666313136;654.944061752967;718.443844341399;757.948209819414;812.792483613468;840.873767417395;821.596453392897;854.926725155264;837.698803521836;903.896404853248;984.810172493354;1063.16058355022;1242.4043496628;1423.47721535484;1614.41111005118;2013.91154473912;2057.11324671148;2400.01557497263;2835.40827538002
Sudan;SDN;34318385;638.123157649546;468.35392753;418.971541;252.34833521;310.46333885;435.65107909;458.85346964;291.57981035;368.09956444;345.6360535;320.1213625;358.52920101;376.62946184;413.31745225;481.56708999;572.1546547;690.56941535;893.07566074;1125.894667;1294.7213799;1239.3524084;1487.6881587;1435.1314363
Guinea;GIN;10221808;429.499652519043;463.004516969394;495.56084138946;507.949941066733;477.195865202374;466.679337249714;488.25362054978;495.665337206084;474.03095418241;442.318599284296;420.766365662287;358.962909060459;334.434534597696;342.784308804104;394.151458127329;412.444218113437;324.84531338758;306.603431115265;449.061567349847;395.252270779309;426.65296461408;474.469145280265;497.90485542705
Iraq;IRQ;32961959;1125.30776420145;455.444089801769;455.444089801769;455.444089801769;455.444089801769;455.444089801769;455.444089801769;455.444089801769;455.444089801769;457.392809835408;760.592949369743;1063.48147263305;759.335207594178;741.641756207886;741.641756207886;957.161918616107;1134.736869141;1585.48955240763;1945.53963671531;2867.29509836151;2065.92971670014;2532.3236709232;3500.65567930471
Togo;TGO;6154813;388.294699151777;444.256878815746;427.536471957542;442.882616929371;316.483327961998;246.716718204005;320.495748720886;348.191834143794;344.638006767274;352.729999367814;338.890099263247;270.000876119283;270.46093804904;291.952850445382;323.715437797095;366.296244148305;391.112589008283;398.344639863982;446.408459257504;547.603568536515;535.932930736398;529.647995344866;588.185149900755
Zambia;ZMB;13474959;593.811242096033;418.366357753724;418.542801600287;384.746048844365;386.096465173627;384.991459573151;389.894341413683;356.944819052209;415.198727252158;334.350946402276;314.86212621712;318.926822169497;349.653961845878;347.060752009377;396.940739841511;485.969558302453;626.271832804004;910.817462627921;957.366516202212;1182.65355170756;1006.38833261832;1252.4899090031;1425.31379369828
Ghana;GHA;24965816;603.082115990388;398.094415555436;433.955939793039;409.820023339817;370.612830252339;328.989297372251;380.327546546327;397.77964883137;385.96120697549;409.27882127931;412.387497030128;259.990694420952;270.721268458573;306.556951612412;370.324526886928;420.523521533213;495.932502418214;920.601975243304;1090.04944381269;1226.26505282072;1090.41718144845;1319.08302683212;1570.13317932545
Kiribati;KIR;101093;958.317601832677;395.488385919829;653.298668393927;669.570272136997;646.221255047182;737.65255461379;745.787951877812;865.301034782993;867.517923549691;827.494587326762;855.461789358846;812.282076753503;745.887686546941;851.13860571052;1053.40713121532;1132.83189157714;1145.79083418139;1114.42305239948;1304.27652481943;1360.51816294598;1227.13880842783;1422.61845088287;1648.87959185067
Benin;BEN;9099922;486.824155012716;386.546938413125;380.579868359606;317.969801609907;398.118775980367;273.485526018664;355.543465257396;379.263617182265;360.173602536453;379.313573798305;377.181922177468;345.9503551827;352.874136071755;404.635834596725;496.579958181312;547.10006151239;561.645318820733;601.500928259943;683.652129728658;799.755972864666;765.553614704077;741.065528268963;801.640480754279
India;IND;1241491960;634.469188097558;373.785137598252;308.150253587637;322.243454029889;306.168649812351;351.884882806132;380.098401318261;406.885720742741;422.924366742226;420.965320358823;448.09698894115;450.415106123853;459.5766355049;480.206944572547;558.441604359032;642.556503016916;731.740042955462;820.29831997503;1055.13639778473;1027.90547454161;1126.94472336676;1375.38434949664;1488.51286051135
Kenya;KEN;41609728;490.119030329131;365.603038816518;336.281046353766;327.809779621002;222.53693350616;268.294819703375;329.848047627299;427.285671912602;453.130562150524;474.602783425114;423.345326154407;406.523059569846;404.848373275083;399.289093096654;440.892510301802;463.813036700232;526.129958721957;615.860760980398;726.598936977425;792.228803651385;774.928343540125;794.767209369683;808.000571785527
Bosnia and Herzegovina;BIH;3752228;2061.5534793239;362.735660860277;362.735660860277;362.735660860277;362.735660860277;362.735660860277;560.179500318423;842.807571928216;1090.97904744907;1182.86277594388;1301.07188931738;1490.64283435152;1533.7308096051;1761.50219141279;2212.70060546205;2650.59289147461;2895.54303801395;3279.07287184863;4043.52430151605;4913.21770724516;4534.05698137535;4427.3471943508;4820.66602921154
Rwanda;RWA;10942950;310.800400748346;358.699214004793;278.205038142484;314.44677886265;329.441477044179;133.42697272743;232.223941457244;238.176321402803;294.003921601399;286.479020264979;239.705724771055;214.233698923836;198.024294951648;192.890304799938;208.400173377342;231.883343008534;280.521950578653;329.526280890299;384.958007851312;470.980812395142;509.41101507937;529.414863548226;582.555660780284
Pakistan;PAK;176745364;612.305326677613;357.732043624023;395.337226316373;412.127085837215;425.335790398018;418.095681420543;476.149484001144;484.331305437849;465.032198110835;451.29350710546;445.797672102335;511.702555478812;490.043132160535;480.740285073724;543.586640781682;628.626489851944;690.848625151039;789.408556782597;870.629473367573;978.795281309875;949.116584867869;1016.61437464972;1189.37319307832
Equatorial Guinea;GNQ;720213;7830.53862808174;353.40675551784;337.864634361998;385.60909140356;367.701119051868;293.79120325445;370.554958182005;566.503234078429;1053.45453045239;933.941689188611;1730.18867304087;2388.34862476677;3231.81740134206;3872.02024776519;5161.47645341505;8885.88602316115;13521.2129306372;15345.6591288176;19528.5685157498;27818.6444005192;17944.3934286342;20703.1003123794;27477.7064620788
Burkina Faso;BFA;16967845;330.668382989124;332.615937248375;327.248890455588;227.555142540955;230.46767089361;182.223062267869;222.547679515771;235.309625572242;216.576839337919;241.36239323196;252.237004783082;212.375386383179;222.385706067687;252.74957483124;318.790198073705;370.491779288703;384.739556109087;399.712081638956;448.559179667893;538.219984195206;522.266726964747;535.886651966131;600.38335472682
Lesotho;LSO;2193843;544.776700292474;329.910161127172;358.866117724052;416.756259510737;408.044680378914;419.067186372798;453.756687694511;435.202109169128;449.091795266843;420.901515243585;404.876380729186;379.775622565256;345.143321730714;317.670791648906;466.818336319204;602.928230028738;662.424773760082;685.154366306234;758.483683816691;764.329852576945;796.272715059363;1003.69958086938;1105.91323853599
"Gambia; The";GMB;1776103;560.814371794784;328.192682830454;689.447908167804;690.936536310098;709.276969880163;681.74583066271;697.93264694222;732.309023913511;674.667332426628;685.922521035683;646.461199378088;603.595346231661;514.654495548313;420.218460852416;343.512833268665;396.29467629628;415.098176816312;423.373276417922;502.00539860255;590.286150624079;535.536162671739;550.6879804772;505.760570130748
Niger;NER;16068994;251.289118320512;318.517901573743;289.683282825698;282.533975467765;187.27911383;176.204404564103;204.911691949785;209.242402383407;187.638067440866;203.885924167661;191.330001107401;164.648947574517;172.028699339701;185.41327213853;225.395707125777;243.318093724632;262.056785901186;270.808971345898;307.659134439377;371.619982352252;350.942820623496;348.796016829783;374.445406345683
China;CHN;1344130000;1590.89528407264;314.430600460659;329.749088658346;362.80841404621;373.800022881605;469.213194175981;604.228060585225;703.120799402286;774.467161009806;820.863076832644;864.730314360081;949.178062082992;1041.63770441353;1135.44794963606;1273.64074260717;1490.38005604805;1731.125234579;2069.34363068319;2651.26012117243;3413.58866142806;3748.93449408508;4432.96355711635;5444.78530333332
Nigeria;NGA;162470737;612.153154858175;291.869509741929;273.171394499947;319.297589211132;203.492253287674;220.221599993726;255.500665852193;313.440605295555;314.303573106249;272.443639529075;287.918289918135;371.768080388183;378.8309275456;455.332003799057;508.434027657689;644.030541850355;802.786746706687;1014.57547102746;1129.08510268171;1374.67223458705;1091.26397638186;1443.20959130173;1501.72158251684
Chad;TCD;11525496;388.088816608759;289.22738359999;302.874298617267;294.598589002187;222.284461296648;173.869055979644;206.615178715052;222.653408524751;207.380048004437;226.877649463786;193.396431692989;168.449997663033;200.675690697071;225.096709234869;298.962193290215;465.970053426382;541.793512859415;604.815192787552;676.475746921597;784.431157476848;647.772525460099;760.712266674914;823.022414003946
Bangladesh;BGD;150493658;406.524643504583;286.24276907031;287.258087847175;287.672525032633;294.432905330061;293.489922774039;322.927374606386;339.084987534979;345.82544063138;353.289825913266;359.188220652398;363.639927319238;356.118011229267;354.303981866496;380.278721825316;407.987855770994;428.753481224438;434.840845510027;475.249651259761;546.846853982647;607.764941276909;674.931630671381;743.414195771735
Mali;MLI;15839538;356.776188270503;279.167103241348;273.417131688566;313.617169867886;287.552795942689;184.303152938945;251.020403898874;259.502925798902;238.656089523512;243.548136612353;234.320006295261;214.4665917926;225.926060887524;278.52417242316;352.375250043036;381.622700892517;402.630578520817;431.559163801948;509.692179530181;604.293701622002;601.260904095563;613.044528977901;668.575393555492
Madagascar;MDG;21315135;304.75587076151;273.165697847207;228.311362387416;252.570271669167;273.086507328573;233.894839614342;240.676858473419;294.895439007168;253.601882148569;259.079218467145;249.628817242964;252.382516697735;285.84232399013;269.126833156376;325.013274622233;251.408934734714;281.70562539328;299.303046782462;386.868933296169;480.648800117899;421.78112621054;426.625422742847;465.011424822866
"Congo; Dem. Rep.";COD;67757577;156.991749969053;256.817737178851;240.065363154667;208.04849383716;260.645811940651;136.467751414997;128.063902843634;127.419139297581;131.35492512174;131.20372073415;97.2800184873854;86.754506732915;92.0154867147875;105.626351194978;104.811683675478;116.779594185057;125.236441166486;149.331889051554;164.776936954686;186.880333109941;174.505563504512;198.708737249657;231.024111768296
Ethiopia;ETH;84734262;192.390744193754;249.984724499949;267.235107914414;201.297190018728;139.938122258824;131.611910601386;135.387951441707;143.570852222826;142.378132723703;125.521640824831;115.892767772899;123.680916753589;119.508996657129;112.517312794929;120.633803941312;138.367576721171;165.432238844214;199.143269842658;246.819604239741;325.572014830918;350.75627754597;320.378672571607;356.967287240092
Nicaragua;NIC;5869859;985.120675691933;244.966083481854;352.866086579783;414.686777094061;396.474519830297;851.709381499164;892.912288725864;910.24775502897;909.875331713159;943.683795995817;972.16823975946;1006.62731008084;1033.89472505664;1000.86001077691;1006.46083522923;1082.06781510292;1165.59565951596;1235.32561385151;1338.44352195876;1458.88855284416;1411.84533986168;1455.83557254141;1587.21964869407
Uganda;UGA;34509205;299.39684900339;243.190301634587;181.36955704919;150.902996046125;164.627574422931;197.6103188988;276.309253992615;281.489250933798;283.382944778118;288.949107531591;255.447879406646;255.780611186303;233.768067199801;239.531223276422;237.849448496496;288.513510506983;324.901354090754;339.704594248886;392.750847110946;460.788462879234;488.245924593451;514.511951740714;487.105498050193
Cambodia;KHM;14305183;418.389355973438;240.408969948278;240.408969948278;240.408969948278;240.408969948278;256.989273287414;308.096860755216;306.024886834592;293.526420782493;260.336407434467;287.722787958072;293.568465354561;314.518158335515;333.511412908902;357.661682010928;404.566396394941;471.1219389175;538.213003201836;631.986488010619;748.903687717147;744.169961103927;795.166470962972;896.845649651424
Guinea-Bissau;GNB;1547061;321.203225589941;239.955564754192;247.872232674635;213.73747512725;219.178502296346;213.61751178797;225.664016776216;235.57559748164;229.409160584821;172.972695274365;184.440764919605;173.662694562761;157.35728663909;157.89809763153;361.441863238556;389.803561414915;418.844505960963;414.561652960834;484.992150554197;582.528221306605;562.415014668108;551.331613667893;629.210778696214
Lao PDR;LAO;6288037;491.541673455296;206.458583574478;238.405608096243;254.321595495883;291.350827927167;329.972777116686;367.777916182962;381.761772829034;348.247865558484;249.993477091149;278.577461829893;325.593095141323;326.982405767828;319.86039861689;362.471203530646;417.571052316513;475.471587204123;591.090178512395;711.966181531263;904.006844992348;954.310611107421;1158.12996511437;1319.59540647942
Burundi;BDI;8575172;167.387175712952;202.098864726936;203.946953168642;185.608310614223;158.19758303851;153.732934385519;164.361642845147;141.530511636008;157.388557734422;143.611898754585;128.599727892071;131.04633409466;126.511928739529;117.190987871548;111.001738067277;127.685773085088;154.07379117541;165.54359123525;171.170911562551;204.030680277395;222.153333123387;241.786856529567;271.244955127223
Malawi;MWI;15380888;224.736101953129;200.490976047975;229.925494404549;185.868614440906;212.994041117939;120.935538442641;141.394782444078;226.504673623109;258.08767517577;164.957310093862;162.596314875016;155.271544474367;148.881246969498;225.229102470063;199.64328089303;210.468247749446;214.854917857254;236.204012639057;268.430993631093;305.372024652126;348.327026694362;362.302838114405;365.453586158304
Nepal;NPL;30485798;282.121947608353;190.113048842862;200.544236083184;169.697375771225;178.135068096059;193.066205387071;203.803218545157;204.247199334468;216.76087915748;208.825862756437;211.2723521843;225.168678511715;240.473057543923;236.708402032301;242.143139604689;272.249720187159;298.008773789034;326.023367289956;362.221682588793;434.957641862857;438.288716732201;534.521988677465;619.45223240542
Mozambique;MOZ;23929708;265.674886449146;181.828078830454;194.374688037423;137.510719760711;136.499931524349;140.354206466032;141.010961654861;193.667798692302;222.49715755193;245.169646092074;250.790778524201;233.43926556618;218.017075754672;218.818781312001;236.61013822962;281.433895463605;316.731403864284;333.293151985934;368.158052835778;442.901052488636;423.216539946677;393.718059711192;534.806117588307
Liberia;LBR;4128572;172.208488572489;180.715698101357;166.399296150104;108.802592179163;78.9917812104949;64.8063994603715;64.356239475869;72.3293171050667;125.354213557997;141.52827674222;162.967926666029;185.81340385982;175.212023562919;178.900310469376;134.654106850398;150.999718373855;170.304275928434;182.272601349217;212.527504193479;232.529534284918;301.138584622081;323.649722259078;374.333222192516
Tanzania;TZA;46218486;315.299760955909;171.9141207;193.61897632;173.82223528;155.58219499;159.67133242;180.56835179;217.1359061;250.27100717;296.91923051;300.63939388;307.98615463;306.08402196;310.40845211;326.26671073;349.47293013;375.02063043;369.68736446;421.98789073;504.85936682;505.800108;526.55827781;532.32008406
Sierra Leone;SLE;5997486;233.501244204091;163.163103069833;195.228652155491;170.88201635938;194.793453778882;232.923887194086;223.367605447357;241.588058728754;217.245932577315;170.063695519762;166.174112034602;153.477967695922;187.196050343249;207.70627233149;209.536844050275;221.324820618778;240.499216140427;266.925593517266;303.691911679833;348.322044275037;323.453247965705;325.47936676478;373.983520241781
Eritrea;ERI;5415280;230.536159017507;149.842589396726;149.842589396726;149.842589396726;147.105883466627;166.879409380264;179.926874776459;212.544454023537;205.835730113451;217.464626265495;194.616866285781;172.757156225256;180.354114269938;169.97600561805;209.922211548941;256.822593937218;244.84071647857;260.703720743952;274.662287264327;278.960433240408;364.204820628504;402.957496823424;481.732329104769
Vietnam;VNM;87840000;540.045897910299;98.0318690016326;142.965889882732;144.148658604132;189.260516107776;229.954805103015;288.020277867991;337.050062832197;361.254488300907;360.600798022532;374.476420064716;401.547802127887;415.731157970541;440.769286530546;491.528514516744;557.823399890412;642.250866741583;731.140587840298;843.204290403717;1070.15495862562;1129.6751504032;1224.31451835046;1407.10543483795