<?xml version="1.0" encoding="UTF-8"?>
<!DOCTYPE platform PUBLIC "-//NetBeans//DTD Java PlatformDefinition 1.0//EN" "http://www.netbeans.org/dtds/java-platformdefinition-1_0.dtd">
<platform default="no" name="JDK 1.4">
    <properties>
        <property name="platform.ant.name" value="JDK_1.4"/>
    </properties>
    <sysproperties>
        <property name="awt.nativeDoubleBuffering" value="true"/>
        <property name="awt.toolkit" value="apple.awt.CToolkit"/>
        <property name="file.encoding" value="MacRoman"/>
        <property name="file.encoding.pkg" value="sun.io"/>
        <property name="file.separator" value="/"/>
        <property name="ftp.nonProxyHosts" value="local|*.local|169.254/16|*.169.254/16"/>
        <property name="gopherProxySet" value="false"/>
        <property name="http.nonProxyHosts" value="local|*.local|169.254/16|*.169.254/16"/>
        <property name="java.awt.graphicsenv" value="apple.awt.CGraphicsEnvironment"/>
        <property name="java.awt.printerjob" value="apple.awt.CPrinterJob"/>
        <property name="java.class.path" value=""/>
        <property name="java.class.version" value="48.0"/>
        <property name="java.endorsed.dirs" value="/System/Library/Frameworks/JavaVM.framework/Versions/1.4.2/Home/lib/endorsed"/>
        <property name="java.ext.dirs" value="/Users/dennis/Library/Java/Extensions:/Library/Java/Extensions:/System/Library/Java/Extensions:/System/Library/Frameworks/JavaVM.framework/Versions/1.4/Home/lib/ext"/>
        <property name="java.home" value="/System/Library/Frameworks/JavaVM.framework/Versions/1.4/Home"/>
        <property name="java.io.tmpdir" value="/tmp"/>
        <property name="java.library.path" value=".:/Users/dennis/Library/Java/Extensions:/Library/Java/Extensions:/System/Library/Java/Extensions:/usr/lib/java"/>
        <property name="java.runtime.name" value="Java(TM) 2 Runtime Environment, Standard Edition"/>
        <property name="java.runtime.version" value="1.4.2_16-b05-302"/>
        <property name="java.specification.name" value="Java Platform API Specification"/>
        <property name="java.specification.vendor" value="Sun Microsystems Inc."/>
        <property name="java.specification.version" value="1.4"/>
        <property name="java.util.prefs.PreferencesFactory" value="java.util.prefs.MacOSXPreferencesFactory"/>
        <property name="java.vendor" value="Apple Inc."/>
        <property name="java.vendor.url" value="http://www.apple.com/"/>
        <property name="java.vendor.url.bug" value="http://bugreport.apple.com/"/>
        <property name="java.version" value="1.4.2_16"/>
        <property name="java.vm.info" value="mixed mode"/>
        <property name="java.vm.name" value="Java HotSpot(TM) Client VM"/>
        <property name="java.vm.specification.name" value="Java Virtual Machine Specification"/>
        <property name="java.vm.specification.vendor" value="Sun Microsystems Inc."/>
        <property name="java.vm.specification.version" value="1.0"/>
        <property name="java.vm.vendor" value="Apple Inc."/>
        <property name="java.vm.version" value="1.4.2-85"/>
        <property name="line.separator" value="&#10;"/>
        <property name="mrj.version" value="b05-302"/>
        <property name="os.arch" value="i386"/>
        <property name="os.name" value="Mac OS X"/>
        <property name="os.version" value="10.5.3"/>
        <property name="path.separator" value=":"/>
        <property name="socksNonProxyHosts" value="local|*.local|169.254/16|*.169.254/16"/>
        <property name="sun.arch.data.model" value="32"/>
        <property name="sun.boot.class.path" value="/System/Library/Frameworks/JavaVM.framework/Versions/1.4.2/Classes/classes.jar:/System/Library/Frameworks/JavaVM.framework/Versions/1.4.2/Classes/ui.jar:/System/Library/Frameworks/JavaVM.framework/Versions/1.4.2/Classes/laf.jar:/System/Library/Frameworks/JavaVM.framework/Versions/1.4.2/Classes/sunrsasign.jar:/System/Library/Frameworks/JavaVM.framework/Versions/1.4.2/Classes/jsse.jar:/System/Library/Frameworks/JavaVM.framework/Versions/1.4.2/Classes/jce.jar:/System/Library/Frameworks/JavaVM.framework/Versions/1.4.2/Classes/charsets.jar"/>
        <property name="sun.boot.library.path" value="/System/Library/Frameworks/JavaVM.framework/Versions/1.4.2/Libraries"/>
        <property name="sun.cpu.endian" value="little"/>
        <property name="sun.cpu.isalist" value=""/>
        <property name="sun.io.unicode.encoding" value="UnicodeLittle"/>
        <property name="sun.java.launcher" value="SUN_STANDARD"/>
        <property name="sun.java2d.fontpath" value=""/>
        <property name="sun.os.patch.level" value="unknown"/>
        <property name="user.country" value="US"/>
        <property name="user.dir" value=""/>
        <property name="user.home" value="/Users/dennis"/>
        <property name="user.language" value="en"/>
        <property name="user.name" value="dennis"/>
        <property name="user.timezone" value="Europe/Berlin"/>
    </sysproperties>
    <jdkhome>
        <resource>file:/System/Library/Frameworks/JavaVM.framework/Versions/1.4/Home/</resource>
    </jdkhome>
    <sources>
        <resource>jar:file:/System/Library/Frameworks/JavaVM.framework/Versions/1.4/Home/src.jar!/src/</resource>
    </sources>
</platform>
