<?xml version="1.0" encoding="UTF-8"?>
<!DOCTYPE bindings PUBLIC "-//NetBeans//DTD Editor KeyBindings settings 1.1//EN" "http://www.netbeans.org/dtds/EditorKeyBindings-1_1.dtd">
<bindings>
    <bind actionName="insert-tab" key="TAB"/>
    <bind actionName="selection-match-brace" key="SM-OPEN_BRACKET"/>
    <bind actionName="match-brace" key="M-OPEN_BRACKET"/>
    <bind actionName="switch-case" key="M-U$S"/>
    <bind actionName="caret-down" key="KP_DOWN"/>
    <bind actionName="shift-line-left" key="CS-LEFT"/>
    <bind actionName="caret-backward" key="LEFT"/>
    <bind actionName="copy-selection-else-line-up" key="SM-UP"/>
    <bind actionName="collapse-all-folds" key="SM-MINUS"/>
    <bind actionName="remove-word-previous" key="M-BACK_SPACE"/>
    <bind actionName="adjust-caret-center" key="CS-INSERT"/>
    <bind actionName="documentation-show" key="SM-SPACE"/>
    <bind actionName="paste-from-clipboard" key="S-INSERT"/>
    <bind actionName="caret-begin" key="M-HOME"/>
    <bind actionName="goto" key="M-L"/>
    <bind actionName="caret-end" key="M-DOWN"/>
    <bind actionName="expand-all-folds" key="SM-EQUALS"/>
    <bind actionName="adjust-caret-bottom" key="CS-PAGE_DOWN"/>
    <bind actionName="selection-forward" key="S-RIGHT"/>
    <bind actionName="selection-end-line" key="SM-RIGHT"/>
    <bind actionName="selection-page-up" key="S-PAGE_UP"/>
    <bind actionName="word-match-next" key="SM-K"/>
    <bind actionName="tooltip-show" key="M-P"/>
    <bind actionName="collapse-fold" key="M-SUBTRACT"/>
    <bind actionName="caret-begin-line" key="M-LEFT"/>
    <bind actionName="selection-down" key="S-DOWN"/>
    <bind actionName="shift-line-right" key="CS-RIGHT"/>
    <bind actionName="caret-up" key="UP"/>
    <bind actionName="documentation-show" key="SM-BACK_SLASH"/>
    <bind actionName="redo" key="SM-Z"/>
    <bind actionName="cut-to-clipboard" key="M-X"/>
    <bind actionName="caret-down" key="DOWN"/>
    <bind actionName="move-selection-else-line-up" key="CS-UP"/>
    <bind actionName="incremental-search-forward" key="M-F"/>
    <bind actionName="copy-to-clipboard" key="M-C"/>
    <bind actionName="paste-formated" key="SM-V"/>
    <bind actionName="jump-list-last-edit" key="C-Q"/>
    <bind actionName="toggle-typing-mode" key="INSERT"/>
    <bind actionName="toggle-comment" key="SM-C"/>
    <bind actionName="caret-up" key="KP_UP"/>
    <bind actionName="comment" key="M-7"/>
    <bind actionName="copy-to-clipboard" key="M-INSERT"/>
    <bind actionName="selection-previous-word" key="AS-LEFT"/>
    <bind actionName="insert-break" key="ENTER"/>
    <bind actionName="caret-forward" key="KP_RIGHT"/>
    <bind actionName="caret-end" key="M-END"/>
    <bind actionName="remove-tab" key="S-TAB"/>
    <bind actionName="find-previous" key="SM-G"/>
    <bind actionName="replace" key="C-H"/>
    <bind actionName="selection-backward" key="S-LEFT"/>
    <bind actionName="select-all" key="M-A"/>
    <bind actionName="copy-to-clipboard" key="COPY"/>
    <bind actionName="expand-fold" key="M-EQUALS"/>
    <bind actionName="selection-page-down" key="S-PAGE_DOWN"/>
    <bind actionName="caret-end-line" key="END"/>
    <bind actionName="find-selection" key="CA-G"/>
    <bind actionName="completion-show" key="M-BACK_SLASH"/>
    <bind actionName="undo" key="UNDO"/>
    <bind actionName="caret-begin" key="M-UP"/>
    <bind actionName="caret-forward" key="RIGHT"/>
    <bind actionName="paste-from-clipboard" key="PASTE"/>
    <bind actionName="undo" key="M-Z"/>
    <bind actionName="jump-list-next" key="C-RIGHT"/>
    <bind actionName="expand-fold" key="M-ADD"/>
    <bind actionName="select-identifier" key="CS-J"/>
    <bind actionName="caret-begin-line" key="HOME"/>
    <bind actionName="delete-next" key="DELETE"/>
    <bind actionName="format" key="SM-F"/>
    <bind actionName="cut-to-clipboard" key="CUT"/>
    <bind actionName="all-completion-show" key="CM-BACK_SLASH"/>
    <bind actionName="page-down" key="PAGE_DOWN"/>
    <bind actionName="adjust-caret-top" key="CS-PAGE_UP"/>
    <bind actionName="uncomment" key="M-8"/>
    <bind actionName="move-selection-else-line-down" key="CS-DOWN"/>
    <bind actionName="jump-list-prev" key="C-LEFT"/>
    <bind actionName="word-match-prev" key="M-K"/>
    <bind actionName="selection-up" key="S-UP"/>
    <bind actionName="split-line" key="M-ENTER"/>
    <bind actionName="to-upper-case" key="M-U$U"/>
    <bind actionName="caret-end-line" key="M-RIGHT"/>
    <bind actionName="expand-all-folds" key="SM-PLUS"/>
    <bind actionName="caret-next-word" key="A-RIGHT"/>
    <bind actionName="collapse-all-folds" key="SM-SUBTRACT"/>
    <bind actionName="paste-from-clipboard" key="M-V"/>
    <bind actionName="delete-previous" key="BACK_SPACE"/>
    <bind actionName="cut-to-clipboard" key="S-DELETE"/>
    <bind actionName="toggle-highlight-search" key="CS-H"/>
    <bind actionName="selection-begin-line" key="SM-LEFT"/>
    <bind actionName="caret-backward" key="KP_LEFT"/>
    <bind actionName="selection-end" key="SM-END"/>
    <bind actionName="remove-line" key="M-E"/>
    <bind actionName="collapse-fold" key="M-MINUS"/>
    <bind actionName="remove-word-next" key="M-DELETE"/>
    <bind actionName="selection-next-word" key="AS-RIGHT"/>
    <bind actionName="to-lower-case" key="M-U$L"/>
    <bind actionName="page-up" key="PAGE_UP"/>
    <bind actionName="expand-all-folds" key="SM-ADD"/>
    <bind actionName="selection-end-line" key="S-END"/>
    <bind actionName="caret-previous-word" key="A-LEFT"/>
    <bind actionName="incremental-search-forward" key="FIND"/>
    <bind actionName="copy-selection-else-line-down" key="SM-DOWN"/>
    <bind actionName="find-next" key="M-G"/>
    <bind actionName="delete-previous" key="S-BACK_SPACE"/>
    <bind actionName="start-new-line" key="S-ENTER"/>
    <bind actionName="selection-begin" key="SM-HOME"/>
    <bind actionName="completion-show" key="C-SPACE"/>
    <bind actionName="show-popup-menu" key="S-F10"/>
    <bind actionName="selection-begin-line" key="S-HOME"/>
    <bind actionName="expand-fold" key="M-PLUS"/>
    <bind key="CSM-DOWN" remove="true"/>
    <bind key="CSM-UP" remove="true"/>
</bindings>
