<?xml version="1.0" encoding="UTF-8"?>
<!DOCTYPE editor-preferences PUBLIC "-//NetBeans//DTD Editor Preferences 1.0//EN" "http://www.netbeans.org/dtds/EditorPreferences-1_0.dtd">
<editor-preferences>
    <entry javaType="java.lang.Boolean" name="alignMultilineAnnotationArgs" xml:space="preserve">
        <value><![CDATA[true]]></value>
    </entry>
    <entry javaType="java.lang.Boolean" name="alignMultilineArrayInit" xml:space="preserve">
        <value><![CDATA[true]]></value>
    </entry>
    <entry javaType="java.lang.Boolean" name="alignMultilineCallArgs" xml:space="preserve">
        <value><![CDATA[true]]></value>
    </entry>
    <entry javaType="java.lang.Boolean" name="alignMultilineFor" xml:space="preserve">
        <value><![CDATA[true]]></value>
    </entry>
    <entry javaType="java.lang.Boolean" name="alignMultilineImplements" xml:space="preserve">
        <value><![CDATA[true]]></value>
    </entry>
    <entry javaType="java.lang.Boolean" name="alignMultilineMethodParams" xml:space="preserve">
        <value><![CDATA[true]]></value>
    </entry>
    <entry javaType="java.lang.Boolean" name="alignMultilineThrows" xml:space="preserve">
        <value><![CDATA[true]]></value>
    </entry>
    <entry javaType="java.lang.String" name="blankLinesAfterFields" xml:space="preserve">
        <value><![CDATA[1]]></value>
    </entry>
    <entry javaType="java.lang.Integer" name="blankLinesAfterImports" xml:space="preserve">
        <value><![CDATA[2]]></value>
    </entry>
    <entry javaType="java.lang.String" name="blankLinesAfterPackage" xml:space="preserve">
        <value><![CDATA[2]]></value>
    </entry>
    <entry javaType="java.lang.String" name="blankLinesBeforeClass" xml:space="preserve">
        <value><![CDATA[2]]></value>
    </entry>
    <entry javaType="java.lang.Integer" name="blankLinesBeforeFields" xml:space="preserve">
        <value><![CDATA[1]]></value>
    </entry>
    <entry javaType="java.lang.String" name="blankLinesBeforeImports" xml:space="preserve">
        <value><![CDATA[2]]></value>
    </entry>
    <entry javaType="java.lang.String" name="blankLinesBeforeMethods" xml:space="preserve">
        <value><![CDATA[2]]></value>
    </entry>
    <entry javaType="java.lang.Integer" name="blankLinesBeforePackage" xml:space="preserve">
        <value><![CDATA[2]]></value>
    </entry>
    <entry javaType="java.lang.Boolean" name="code-folding-collapse-initial-comment" xml:space="preserve">
        <value><![CDATA[false]]></value>
    </entry>
    <entry javaType="java.lang.Boolean" name="code-folding-enable" xml:space="preserve">
        <value><![CDATA[false]]></value>
    </entry>
    <entry javaType="java.lang.Integer" name="countForUsingStarImport" xml:space="preserve">
        <value><![CDATA[15]]></value>
    </entry>
    <entry javaType="java.lang.String" name="importGroupsOrder" xml:space="preserve">
        <value><![CDATA[gestalt;mathematik;werkzeug;*;java;javax;static *]]></value>
    </entry>
    <entry javaType="java.lang.Boolean" name="importInnerClasses" xml:space="preserve">
        <value><![CDATA[true]]></value>
    </entry>
    <entry javaType="java.lang.String" name="indentEngine" xml:space="preserve">
        <value><![CDATA[SL[/IndentEngine/org-netbeans-modules-editor-java-JavaIndentEngine]]></value>
    </entry>
    <entry javaType="java.lang.Float" name="line-height-correction" xml:space="preserve">
        <value><![CDATA[1.05]]></value>
    </entry>
    <entry javaType="java.lang.Boolean" name="separateStaticImports" xml:space="preserve">
        <value><![CDATA[true]]></value>
    </entry>
    <entry javaType="java.lang.Boolean" name="spaceAfterTypeCast" xml:space="preserve">
        <value><![CDATA[false]]></value>
    </entry>
    <entry javaType="java.lang.Boolean" name="spaceBeforeArrayInitLeftBrace" xml:space="preserve">
        <value><![CDATA[true]]></value>
    </entry>
    <entry javaType="java.lang.String" name="wrapAnnotationArgs" xml:space="preserve">
        <value><![CDATA[WRAP_NEVER]]></value>
    </entry>
    <entry javaType="java.lang.String" name="wrapAnnotations" xml:space="preserve">
        <value><![CDATA[WRAP_ALWAYS]]></value>
    </entry>
    <entry javaType="java.lang.String" name="wrapArrayInit" xml:space="preserve">
        <value><![CDATA[WRAP_NEVER]]></value>
    </entry>
    <entry javaType="java.lang.String" name="wrapAssert" xml:space="preserve">
        <value><![CDATA[WRAP_NEVER]]></value>
    </entry>
    <entry javaType="java.lang.String" name="wrapAssignOps" xml:space="preserve">
        <value><![CDATA[WRAP_NEVER]]></value>
    </entry>
    <entry javaType="java.lang.String" name="wrapBinaryOps" xml:space="preserve">
        <value><![CDATA[WRAP_NEVER]]></value>
    </entry>
    <entry javaType="java.lang.String" name="wrapChainedMethodCalls" xml:space="preserve">
        <value><![CDATA[WRAP_NEVER]]></value>
    </entry>
    <entry javaType="java.lang.Boolean" name="wrapCommentText" xml:space="preserve">
        <value><![CDATA[false]]></value>
    </entry>
    <entry javaType="java.lang.String" name="wrapDoWhileStatement" xml:space="preserve">
        <value><![CDATA[WRAP_ALWAYS]]></value>
    </entry>
    <entry javaType="java.lang.String" name="wrapEnumConstants" xml:space="preserve">
        <value><![CDATA[WRAP_NEVER]]></value>
    </entry>
    <entry javaType="java.lang.String" name="wrapExtendsImplementsKeyword" xml:space="preserve">
        <value><![CDATA[WRAP_ALWAYS]]></value>
    </entry>
    <entry javaType="java.lang.String" name="wrapExtendsImplementsList" xml:space="preserve">
        <value><![CDATA[WRAP_ALWAYS]]></value>
    </entry>
    <entry javaType="java.lang.String" name="wrapFor" xml:space="preserve">
        <value><![CDATA[WRAP_NEVER]]></value>
    </entry>
    <entry javaType="java.lang.String" name="wrapForStatement" xml:space="preserve">
        <value><![CDATA[WRAP_ALWAYS]]></value>
    </entry>
    <entry javaType="java.lang.String" name="wrapIfStatement" xml:space="preserve">
        <value><![CDATA[WRAP_ALWAYS]]></value>
    </entry>
    <entry javaType="java.lang.String" name="wrapMethodCallArgs" xml:space="preserve">
        <value><![CDATA[WRAP_NEVER]]></value>
    </entry>
    <entry javaType="java.lang.String" name="wrapMethodParams" xml:space="preserve">
        <value><![CDATA[WRAP_NEVER]]></value>
    </entry>
    <entry javaType="java.lang.Boolean" name="wrapOneLineComment" xml:space="preserve">
        <value><![CDATA[false]]></value>
    </entry>
    <entry javaType="java.lang.String" name="wrapTernaryOps" xml:space="preserve">
        <value><![CDATA[WRAP_NEVER]]></value>
    </entry>
    <entry javaType="java.lang.String" name="wrapThrowsKeyword" xml:space="preserve">
        <value><![CDATA[WRAP_NEVER]]></value>
    </entry>
    <entry javaType="java.lang.String" name="wrapThrowsList" xml:space="preserve">
        <value><![CDATA[WRAP_NEVER]]></value>
    </entry>
    <entry javaType="java.lang.String" name="wrapWhileStatement" xml:space="preserve">
        <value><![CDATA[WRAP_ALWAYS]]></value>
    </entry>
    <entry name="pair-characters-completion" remove="true"/>
    <entry name="show-deprecated-members" remove="true"/>
</editor-preferences>
